order_details_id,order_id,order_date,order_time,time_grouping,item_id,item_name,category,price
1,1,2023-01-01,11:38:36,"11am - 11:59am",109,"Korean Beef Bowl",Asian,17.95
2,2,2023-01-01,11:57:40,"11am - 11:59am",108,"Tofu Pad Thai",Asian,14.5
3,2,2023-01-01,11:57:40,"11am - 11:59am",124,Spaghetti,Italian,14.5
4,2,2023-01-01,11:57:40,"11am - 11:59am",117,"Chicken Burrito",Mexican,12.95
5,2,2023-01-01,11:57:40,"11am - 11:59am",129,"Mushroom Ravioli",Italian,15.5
6,2,2023-01-01,11:57:40,"11am - 11:59am",106,"French Fries",American,7
7,3,2023-01-01,12:12:28,"12pm - 12:59pm",117,"Chicken Burrito",Mexican,12.95
8,3,2023-01-01,12:12:28,"12pm - 12:59pm",119,"Chicken Torta",Mexican,11.95
9,4,2023-01-01,12:16:31,"12pm - 12:59pm",117,"Chicken Burrito",Mexican,12.95
10,5,2023-01-01,12:21:30,"12pm - 12:59pm",117,"Chicken Burrito",Mexican,12.95
11,6,2023-01-01,12:29:36,"12pm - 12:59pm",101,Hamburger,American,12.95
12,6,2023-01-01,12:29:36,"12pm - 12:59pm",114,Potstickers,Asian,9
13,7,2023-01-01,12:50:37,"12pm - 12:59pm",123,"Chips & Guacamole",Mexican,9
14,8,2023-01-01,12:51:37,"12pm - 12:59pm",123,"Chips & Guacamole",Mexican,9
15,9,2023-01-01,12:52:01,"12pm - 12:59pm",108,"Tofu Pad Thai",Asian,14.5
16,9,2023-01-01,12:52:01,"12pm - 12:59pm",126,"Fettuccine Alfredo",Italian,14.5
17,9,2023-01-01,12:52:01,"12pm - 12:59pm",110,"Pork Ramen",Asian,17.95
18,9,2023-01-01,12:52:01,"12pm - 12:59pm",117,"Chicken Burrito",Mexican,12.95
19,9,2023-01-01,12:52:01,"12pm - 12:59pm",117,"Chicken Burrito",Mexican,12.95
20,9,2023-01-01,12:52:01,"12pm - 12:59pm",129,"Mushroom Ravioli",Italian,15.5
21,9,2023-01-01,12:52:01,"12pm - 12:59pm",122,"Chips & Salsa",Mexican,7
22,9,2023-01-01,12:52:01,"12pm - 12:59pm",130,"Shrimp Scampi",Italian,19.95
23,9,2023-01-01,12:52:01,"12pm - 12:59pm",132,"Eggplant Parmesan",Italian,16.95
24,10,2023-01-01,13:00:15,"1pm - 1:59pm",129,"Mushroom Ravioli",Italian,15.5
25,10,2023-01-01,13:00:15,"1pm - 1:59pm",105,"Mac & Cheese",American,7
26,11,2023-01-01,13:02:59,"1pm - 1:59pm",101,Hamburger,American,12.95
27,11,2023-01-01,13:02:59,"1pm - 1:59pm",102,Cheeseburger,American,13.95
28,11,2023-01-01,13:02:59,"1pm - 1:59pm",102,Cheeseburger,American,13.95
29,11,2023-01-01,13:02:59,"1pm - 1:59pm",113,Edamame,Asian,5
30,12,2023-01-01,13:04:41,"1pm - 1:59pm",102,Cheeseburger,American,13.95
31,12,2023-01-01,13:04:41,"1pm - 1:59pm",102,Cheeseburger,American,13.95
32,12,2023-01-01,13:04:41,"1pm - 1:59pm",104,"Veggie Burger",American,10.5
33,12,2023-01-01,13:04:41,"1pm - 1:59pm",117,"Chicken Burrito",Mexican,12.95
34,13,2023-01-01,13:11:55,"1pm - 1:59pm",129,"Mushroom Ravioli",Italian,15.5
35,14,2023-01-01,13:14:19,"1pm - 1:59pm",114,Potstickers,Asian,9
36,15,2023-01-01,13:33:00,"1pm - 1:59pm",107,"Orange Chicken",Asian,16.5
37,15,2023-01-01,13:33:00,"1pm - 1:59pm",124,Spaghetti,Italian,14.5
38,15,2023-01-01,13:33:00,"1pm - 1:59pm",121,"Cheese Quesadillas",Mexican,10.5
39,15,2023-01-01,13:33:00,"1pm - 1:59pm",114,Potstickers,Asian,9
40,16,2023-01-01,13:34:07,"1pm - 1:59pm",125,"Spaghetti & Meatballs",Italian,17.95
41,16,2023-01-01,13:34:07,"1pm - 1:59pm",111,"California Roll",Asian,11.95
42,16,2023-01-01,13:34:07,"1pm - 1:59pm",106,"French Fries",American,7
43,17,2023-01-01,13:53:00,"1pm - 1:59pm",101,Hamburger,American,12.95
44,17,2023-01-01,13:53:00,"1pm - 1:59pm",116,"Steak Tacos",Mexican,13.95
45,17,2023-01-01,13:53:00,"1pm - 1:59pm",124,Spaghetti,Italian,14.5
46,17,2023-01-01,13:53:00,"1pm - 1:59pm",125,"Spaghetti & Meatballs",Italian,17.95
47,17,2023-01-01,13:53:00,"1pm - 1:59pm",117,"Chicken Burrito",Mexican,12.95
48,17,2023-01-01,13:53:00,"1pm - 1:59pm",127,"Meat Lasagna",Italian,17.95
49,17,2023-01-01,13:53:00,"1pm - 1:59pm",128,"Cheese Lasagna",Italian,15.5
50,17,2023-01-01,13:53:00,"1pm - 1:59pm",129,"Mushroom Ravioli",Italian,15.5
51,17,2023-01-01,13:53:00,"1pm - 1:59pm",118,"Steak Burrito",Mexican,14.95
52,17,2023-01-01,13:53:00,"1pm - 1:59pm",131,"Chicken Parmesan",Italian,17.95
53,18,2023-01-01,13:57:08,"1pm - 1:59pm",111,"California Roll",Asian,11.95
54,19,2023-01-01,13:59:09,"1pm - 1:59pm",110,"Pork Ramen",Asian,17.95
55,19,2023-01-01,13:59:09,"1pm - 1:59pm",120,"Steak Torta",Mexican,13.95
56,20,2023-01-01,14:03:08,"2pm - 2:59pm",107,"Orange Chicken",Asian,16.5
57,20,2023-01-01,14:03:08,"2pm - 2:59pm",124,Spaghetti,Italian,14.5
58,21,2023-01-01,14:14:29,"2pm - 2:59pm",110,"Pork Ramen",Asian,17.95
59,22,2023-01-01,14:16:26,"2pm - 2:59pm",124,Spaghetti,Italian,14.5
60,22,2023-01-01,14:16:26,"2pm - 2:59pm",110,"Pork Ramen",Asian,17.95
61,22,2023-01-01,14:16:26,"2pm - 2:59pm",105,"Mac & Cheese",American,7
62,23,2023-01-01,14:19:03,"2pm - 2:59pm",105,"Mac & Cheese",American,7
63,24,2023-01-01,14:23:01,"2pm - 2:59pm",101,Hamburger,American,12.95
64,24,2023-01-01,14:23:01,"2pm - 2:59pm",110,"Pork Ramen",Asian,17.95
65,24,2023-01-01,14:23:01,"2pm - 2:59pm",113,Edamame,Asian,5
66,24,2023-01-01,14:23:01,"2pm - 2:59pm",119,"Chicken Torta",Mexican,11.95
67,25,2023-01-01,14:44:44,"2pm - 2:59pm",120,"Steak Torta",Mexican,13.95
68,25,2023-01-01,14:44:44,"2pm - 2:59pm",106,"French Fries",American,7
69,26,2023-01-01,14:54:26,"2pm - 2:59pm",108,"Tofu Pad Thai",Asian,14.5
70,26,2023-01-01,14:54:26,"2pm - 2:59pm",132,"Eggplant Parmesan",Italian,16.95
71,27,2023-01-01,15:11:17,"3pm - 3:59pm",101,Hamburger,American,12.95
72,27,2023-01-01,15:11:17,"3pm - 3:59pm",108,"Tofu Pad Thai",Asian,14.5
73,27,2023-01-01,15:11:17,"3pm - 3:59pm",131,"Chicken Parmesan",Italian,17.95
74,28,2023-01-01,15:35:46,"3pm - 3:59pm",103,"Hot Dog",American,9
75,29,2023-01-01,15:41:01,"3pm - 3:59pm",126,"Fettuccine Alfredo",Italian,14.5
76,30,2023-01-01,15:41:25,"3pm - 3:59pm",106,"French Fries",American,7
77,31,2023-01-01,15:50:18,"3pm - 3:59pm",129,"Mushroom Ravioli",Italian,15.5
78,31,2023-01-01,15:50:18,"3pm - 3:59pm",113,Edamame,Asian,5
79,32,2023-01-01,15:53:18,"3pm - 3:59pm",107,"Orange Chicken",Asian,16.5
80,32,2023-01-01,15:53:18,"3pm - 3:59pm",126,"Fettuccine Alfredo",Italian,14.5
81,32,2023-01-01,15:53:18,"3pm - 3:59pm",110,"Pork Ramen",Asian,17.95
82,32,2023-01-01,15:53:18,"3pm - 3:59pm",117,"Chicken Burrito",Mexican,12.95
83,33,2023-01-01,15:54:08,"3pm - 3:59pm",101,Hamburger,American,12.95
84,33,2023-01-01,15:54:08,"3pm - 3:59pm",126,"Fettuccine Alfredo",Italian,14.5
85,34,2023-01-01,16:21:21,"4pm - 4:59pm",114,Potstickers,Asian,9
86,35,2023-01-01,16:32:04,"4pm - 4:59pm",126,"Fettuccine Alfredo",Italian,14.5
87,35,2023-01-01,16:32:04,"4pm - 4:59pm",112,"Salmon Roll",Asian,14.95
88,35,2023-01-01,16:32:04,"4pm - 4:59pm",113,Edamame,Asian,5
89,35,2023-01-01,16:32:04,"4pm - 4:59pm",106,"French Fries",American,7
90,36,2023-01-01,16:54:09,"4pm - 4:59pm",101,Hamburger,American,12.95
91,36,2023-01-01,16:54:09,"4pm - 4:59pm",108,"Tofu Pad Thai",Asian,14.5
92,37,2023-01-01,16:56:09,"4pm - 4:59pm",117,"Chicken Burrito",Mexican,12.95
93,37,2023-01-01,16:56:09,"4pm - 4:59pm",129,"Mushroom Ravioli",Italian,15.5
94,38,2023-01-01,17:03:00,"5pm - 5:59pm",109,"Korean Beef Bowl",Asian,17.95
95,38,2023-01-01,17:03:00,"5pm - 5:59pm",110,"Pork Ramen",Asian,17.95
96,39,2023-01-01,17:07:23,"5pm - 5:59pm",117,"Chicken Burrito",Mexican,12.95
97,40,2023-01-01,17:14:36,"5pm - 5:59pm",125,"Spaghetti & Meatballs",Italian,17.95
98,40,2023-01-01,17:14:36,"5pm - 5:59pm",105,"Mac & Cheese",American,7
99,41,2023-01-01,17:15:20,"5pm - 5:59pm",125,"Spaghetti & Meatballs",Italian,17.95
100,41,2023-01-01,17:15:20,"5pm - 5:59pm",126,"Fettuccine Alfredo",Italian,14.5
101,42,2023-01-01,17:28:09,"5pm - 5:59pm",107,"Orange Chicken",Asian,16.5
102,42,2023-01-01,17:28:09,"5pm - 5:59pm",124,Spaghetti,Italian,14.5
103,42,2023-01-01,17:28:09,"5pm - 5:59pm",129,"Mushroom Ravioli",Italian,15.5
104,42,2023-01-01,17:28:09,"5pm - 5:59pm",118,"Steak Burrito",Mexican,14.95
105,43,2023-01-01,17:38:34,"5pm - 5:59pm",103,"Hot Dog",American,9
106,43,2023-01-01,17:38:34,"5pm - 5:59pm",117,"Chicken Burrito",Mexican,12.95
107,43,2023-01-01,17:38:34,"5pm - 5:59pm",118,"Steak Burrito",Mexican,14.95
108,44,2023-01-01,17:54:20,"5pm - 5:59pm",130,"Shrimp Scampi",Italian,19.95
109,45,2023-01-01,17:55:48,"5pm - 5:59pm",125,"Spaghetti & Meatballs",Italian,17.95
110,45,2023-01-01,17:55:48,"5pm - 5:59pm",109,"Korean Beef Bowl",Asian,17.95
111,45,2023-01-01,17:55:48,"5pm - 5:59pm",106,"French Fries",American,7
112,46,2023-01-01,18:25:51,"6pm - 6:59pm",104,"Veggie Burger",American,10.5
113,46,2023-01-01,18:25:51,"6pm - 6:59pm",108,"Tofu Pad Thai",Asian,14.5
114,46,2023-01-01,18:25:51,"6pm - 6:59pm",106,"French Fries",American,7
115,47,2023-01-01,18:26:34,"6pm - 6:59pm",105,"Mac & Cheese",American,7
116,47,2023-01-01,18:26:34,"6pm - 6:59pm",132,"Eggplant Parmesan",Italian,16.95
117,48,2023-01-01,18:26:42,"6pm - 6:59pm",104,"Veggie Burger",American,10.5
118,48,2023-01-01,18:26:42,"6pm - 6:59pm",126,"Fettuccine Alfredo",Italian,14.5
119,48,2023-01-01,18:26:42,"6pm - 6:59pm",119,"Chicken Torta",Mexican,11.95
120,48,2023-01-01,18:26:42,"6pm - 6:59pm",122,"Chips & Salsa",Mexican,7
121,49,2023-01-01,18:33:00,"6pm - 6:59pm",120,"Steak Torta",Mexican,13.95
123,51,2023-01-01,18:48:28,"6pm - 6:59pm",101,Hamburger,American,12.95
124,51,2023-01-01,18:48:28,"6pm - 6:59pm",112,"Salmon Roll",Asian,14.95
125,52,2023-01-01,18:53:02,"6pm - 6:59pm",109,"Korean Beef Bowl",Asian,17.95
126,52,2023-01-01,18:53:02,"6pm - 6:59pm",129,"Mushroom Ravioli",Italian,15.5
127,52,2023-01-01,18:53:02,"6pm - 6:59pm",122,"Chips & Salsa",Mexican,7
128,53,2023-01-01,18:54:17,"6pm - 6:59pm",112,"Salmon Roll",Asian,14.95
129,53,2023-01-01,18:54:17,"6pm - 6:59pm",123,"Chips & Guacamole",Mexican,9
130,54,2023-01-01,19:01:45,"7pm - 7:59pm",119,"Chicken Torta",Mexican,11.95
131,54,2023-01-01,19:01:45,"7pm - 7:59pm",106,"French Fries",American,7
132,55,2023-01-01,19:03:19,"7pm - 7:59pm",118,"Steak Burrito",Mexican,14.95
133,55,2023-01-01,19:03:19,"7pm - 7:59pm",122,"Chips & Salsa",Mexican,7
134,56,2023-01-01,19:07:00,"7pm - 7:59pm",108,"Tofu Pad Thai",Asian,14.5
135,56,2023-01-01,19:07:00,"7pm - 7:59pm",128,"Cheese Lasagna",Italian,15.5
136,56,2023-01-01,19:07:00,"7pm - 7:59pm",105,"Mac & Cheese",American,7
137,57,2023-01-01,19:10:51,"7pm - 7:59pm",108,"Tofu Pad Thai",Asian,14.5
138,58,2023-01-01,19:30:40,"7pm - 7:59pm",124,Spaghetti,Italian,14.5
139,58,2023-01-01,19:30:40,"7pm - 7:59pm",113,Edamame,Asian,5
140,59,2023-01-01,19:40:08,"7pm - 7:59pm",127,"Meat Lasagna",Italian,17.95
141,59,2023-01-01,19:40:08,"7pm - 7:59pm",112,"Salmon Roll",Asian,14.95
142,59,2023-01-01,19:40:08,"7pm - 7:59pm",113,Edamame,Asian,5
143,60,2023-01-01,20:05:16,"8pm - 8:59pm",104,"Veggie Burger",American,10.5
144,60,2023-01-01,20:05:16,"8pm - 8:59pm",125,"Spaghetti & Meatballs",Italian,17.95
145,61,2023-01-01,20:08:43,"8pm - 8:59pm",101,Hamburger,American,12.95
146,61,2023-01-01,20:08:43,"8pm - 8:59pm",117,"Chicken Burrito",Mexican,12.95
147,62,2023-01-01,20:50:16,"8pm - 8:59pm",101,Hamburger,American,12.95
148,62,2023-01-01,20:50:16,"8pm - 8:59pm",123,"Chips & Guacamole",Mexican,9
149,63,2023-01-01,20:51:42,"8pm - 8:59pm",112,"Salmon Roll",Asian,14.95
150,64,2023-01-01,20:52:08,"8pm - 8:59pm",107,"Orange Chicken",Asian,16.5
151,65,2023-01-01,21:16:00,"9pm - 9:59pm",112,"Salmon Roll",Asian,14.95
152,65,2023-01-01,21:16:00,"9pm - 9:59pm",120,"Steak Torta",Mexican,13.95
153,65,2023-01-01,21:16:00,"9pm - 9:59pm",122,"Chips & Salsa",Mexican,7
154,65,2023-01-01,21:16:00,"9pm - 9:59pm",123,"Chips & Guacamole",Mexican,9
155,66,2023-01-01,21:47:55,"9pm - 9:59pm",108,"Tofu Pad Thai",Asian,14.5
156,66,2023-01-01,21:47:55,"9pm - 9:59pm",110,"Pork Ramen",Asian,17.95
157,67,2023-01-01,22:03:40,"10pm - 10:59pm",105,"Mac & Cheese",American,7
158,68,2023-01-01,22:07:32,"10pm - 10:59pm",108,"Tofu Pad Thai",Asian,14.5
159,68,2023-01-01,22:07:32,"10pm - 10:59pm",117,"Chicken Burrito",Mexican,12.95
160,68,2023-01-01,22:07:32,"10pm - 10:59pm",117,"Chicken Burrito",Mexican,12.95
161,69,2023-01-01,22:12:13,"10pm - 10:59pm",101,Hamburger,American,12.95
162,70,2023-01-02,11:38:51,"11am - 11:59am",127,"Meat Lasagna",Italian,17.95
163,70,2023-01-02,11:38:51,"11am - 11:59am",121,"Cheese Quesadillas",Mexican,10.5
164,71,2023-01-02,11:40:50,"11am - 11:59am",106,"French Fries",American,7
165,72,2023-01-02,11:57:25,"11am - 11:59am",131,"Chicken Parmesan",Italian,17.95
166,73,2023-01-02,11:58:56,"11am - 11:59am",106,"French Fries",American,7
167,74,2023-01-02,12:01:12,"12pm - 12:59pm",124,Spaghetti,Italian,14.5
168,74,2023-01-02,12:01:12,"12pm - 12:59pm",129,"Mushroom Ravioli",Italian,15.5
169,74,2023-01-02,12:01:12,"12pm - 12:59pm",130,"Shrimp Scampi",Italian,19.95
170,74,2023-01-02,12:01:12,"12pm - 12:59pm",123,"Chips & Guacamole",Mexican,9
171,75,2023-01-02,12:10:15,"12pm - 12:59pm",117,"Chicken Burrito",Mexican,12.95
172,75,2023-01-02,12:10:15,"12pm - 12:59pm",128,"Cheese Lasagna",Italian,15.5
173,75,2023-01-02,12:10:15,"12pm - 12:59pm",111,"California Roll",Asian,11.95
174,76,2023-01-02,12:21:17,"12pm - 12:59pm",107,"Orange Chicken",Asian,16.5
175,76,2023-01-02,12:21:17,"12pm - 12:59pm",109,"Korean Beef Bowl",Asian,17.95
176,76,2023-01-02,12:21:17,"12pm - 12:59pm",127,"Meat Lasagna",Italian,17.95
177,76,2023-01-02,12:21:17,"12pm - 12:59pm",122,"Chips & Salsa",Mexican,7
178,77,2023-01-02,12:22:46,"12pm - 12:59pm",101,Hamburger,American,12.95
179,77,2023-01-02,12:22:46,"12pm - 12:59pm",109,"Korean Beef Bowl",Asian,17.95
180,78,2023-01-02,12:28:14,"12pm - 12:59pm",107,"Orange Chicken",Asian,16.5
181,78,2023-01-02,12:28:14,"12pm - 12:59pm",108,"Tofu Pad Thai",Asian,14.5
182,78,2023-01-02,12:28:14,"12pm - 12:59pm",125,"Spaghetti & Meatballs",Italian,17.95
183,78,2023-01-02,12:28:14,"12pm - 12:59pm",110,"Pork Ramen",Asian,17.95
184,78,2023-01-02,12:28:14,"12pm - 12:59pm",122,"Chips & Salsa",Mexican,7
185,78,2023-01-02,12:28:14,"12pm - 12:59pm",106,"French Fries",American,7
186,79,2023-01-02,12:29:11,"12pm - 12:59pm",110,"Pork Ramen",Asian,17.95
187,79,2023-01-02,12:29:11,"12pm - 12:59pm",112,"Salmon Roll",Asian,14.95
188,79,2023-01-02,12:29:11,"12pm - 12:59pm",106,"French Fries",American,7
189,80,2023-01-02,12:35:38,"12pm - 12:59pm",113,Edamame,Asian,5
190,80,2023-01-02,12:35:38,"12pm - 12:59pm",106,"French Fries",American,7
191,81,2023-01-02,12:40:01,"12pm - 12:59pm",106,"French Fries",American,7
192,82,2023-01-02,12:45:51,"12pm - 12:59pm",107,"Orange Chicken",Asian,16.5
193,82,2023-01-02,12:45:51,"12pm - 12:59pm",102,Cheeseburger,American,13.95
194,82,2023-01-02,12:45:51,"12pm - 12:59pm",122,"Chips & Salsa",Mexican,7
195,82,2023-01-02,12:45:51,"12pm - 12:59pm",132,"Eggplant Parmesan",Italian,16.95
196,83,2023-01-02,12:53:27,"12pm - 12:59pm",105,"Mac & Cheese",American,7
197,84,2023-01-02,13:13:41,"1pm - 1:59pm",113,Edamame,Asian,5
198,85,2023-01-02,13:34:49,"1pm - 1:59pm",108,"Tofu Pad Thai",Asian,14.5
199,85,2023-01-02,13:34:49,"1pm - 1:59pm",108,"Tofu Pad Thai",Asian,14.5
200,85,2023-01-02,13:34:49,"1pm - 1:59pm",117,"Chicken Burrito",Mexican,12.95
201,85,2023-01-02,13:34:49,"1pm - 1:59pm",114,Potstickers,Asian,9
202,86,2023-01-02,13:40:31,"1pm - 1:59pm",109,"Korean Beef Bowl",Asian,17.95
203,87,2023-01-02,14:01:02,"2pm - 2:59pm",110,"Pork Ramen",Asian,17.95
204,87,2023-01-02,14:01:02,"2pm - 2:59pm",129,"Mushroom Ravioli",Italian,15.5
205,87,2023-01-02,14:01:02,"2pm - 2:59pm",123,"Chips & Guacamole",Mexican,9
206,87,2023-01-02,14:01:02,"2pm - 2:59pm",123,"Chips & Guacamole",Mexican,9
207,88,2023-01-02,14:10:08,"2pm - 2:59pm",124,Spaghetti,Italian,14.5
208,89,2023-01-02,14:30:19,"2pm - 2:59pm",121,"Cheese Quesadillas",Mexican,10.5
209,89,2023-01-02,14:30:19,"2pm - 2:59pm",106,"French Fries",American,7
210,90,2023-01-02,15:08:48,"3pm - 3:59pm",120,"Steak Torta",Mexican,13.95
211,90,2023-01-02,15:08:48,"3pm - 3:59pm",106,"French Fries",American,7
212,91,2023-01-02,15:14:43,"3pm - 3:59pm",101,Hamburger,American,12.95
213,91,2023-01-02,15:14:43,"3pm - 3:59pm",104,"Veggie Burger",American,10.5
214,91,2023-01-02,15:14:43,"3pm - 3:59pm",113,Edamame,Asian,5
215,92,2023-01-02,15:17:02,"3pm - 3:59pm",101,Hamburger,American,12.95
216,92,2023-01-02,15:17:02,"3pm - 3:59pm",117,"Chicken Burrito",Mexican,12.95
217,92,2023-01-02,15:17:02,"3pm - 3:59pm",117,"Chicken Burrito",Mexican,12.95
218,92,2023-01-02,15:17:02,"3pm - 3:59pm",127,"Meat Lasagna",Italian,17.95
219,92,2023-01-02,15:17:02,"3pm - 3:59pm",113,Edamame,Asian,5
220,92,2023-01-02,15:17:02,"3pm - 3:59pm",118,"Steak Burrito",Mexican,14.95
221,92,2023-01-02,15:17:02,"3pm - 3:59pm",131,"Chicken Parmesan",Italian,17.95
222,92,2023-01-02,15:17:02,"3pm - 3:59pm",123,"Chips & Guacamole",Mexican,9
223,92,2023-01-02,15:17:02,"3pm - 3:59pm",114,Potstickers,Asian,9
224,93,2023-01-02,15:29:31,"3pm - 3:59pm",120,"Steak Torta",Mexican,13.95
225,94,2023-01-02,16:17:16,"4pm - 4:59pm",110,"Pork Ramen",Asian,17.95
226,94,2023-01-02,16:17:16,"4pm - 4:59pm",105,"Mac & Cheese",American,7
227,95,2023-01-02,16:18:04,"4pm - 4:59pm",111,"California Roll",Asian,11.95
228,95,2023-01-02,16:18:04,"4pm - 4:59pm",118,"Steak Burrito",Mexican,14.95
229,96,2023-01-02,16:21:20,"4pm - 4:59pm",111,"California Roll",Asian,11.95
230,97,2023-01-02,16:45:33,"4pm - 4:59pm",107,"Orange Chicken",Asian,16.5
231,98,2023-01-02,17:18:18,"5pm - 5:59pm",108,"Tofu Pad Thai",Asian,14.5
232,98,2023-01-02,17:18:18,"5pm - 5:59pm",111,"California Roll",Asian,11.95
233,99,2023-01-02,17:45:42,"5pm - 5:59pm",117,"Chicken Burrito",Mexican,12.95
234,100,2023-01-02,17:46:17,"5pm - 5:59pm",109,"Korean Beef Bowl",Asian,17.95
235,101,2023-01-02,17:51:33,"5pm - 5:59pm",102,Cheeseburger,American,13.95
236,101,2023-01-02,17:51:33,"5pm - 5:59pm",113,Edamame,Asian,5
237,101,2023-01-02,17:51:33,"5pm - 5:59pm",121,"Cheese Quesadillas",Mexican,10.5
238,101,2023-01-02,17:51:33,"5pm - 5:59pm",122,"Chips & Salsa",Mexican,7
239,102,2023-01-02,17:54:04,"5pm - 5:59pm",101,Hamburger,American,12.95
240,102,2023-01-02,17:54:04,"5pm - 5:59pm",119,"Chicken Torta",Mexican,11.95
241,103,2023-01-02,18:02:09,"6pm - 6:59pm",123,"Chips & Guacamole",Mexican,9
242,104,2023-01-02,18:02:12,"6pm - 6:59pm",101,Hamburger,American,12.95
243,104,2023-01-02,18:02:12,"6pm - 6:59pm",103,"Hot Dog",American,9
244,104,2023-01-02,18:02:12,"6pm - 6:59pm",127,"Meat Lasagna",Italian,17.95
245,104,2023-01-02,18:02:12,"6pm - 6:59pm",132,"Eggplant Parmesan",Italian,16.95
246,105,2023-01-02,18:12:01,"6pm - 6:59pm",109,"Korean Beef Bowl",Asian,17.95
247,105,2023-01-02,18:12:01,"6pm - 6:59pm",113,Edamame,Asian,5
248,105,2023-01-02,18:12:01,"6pm - 6:59pm",119,"Chicken Torta",Mexican,11.95
249,106,2023-01-02,18:12:13,"6pm - 6:59pm",129,"Mushroom Ravioli",Italian,15.5
250,106,2023-01-02,18:12:13,"6pm - 6:59pm",122,"Chips & Salsa",Mexican,7
251,107,2023-01-02,18:25:09,"6pm - 6:59pm",102,Cheeseburger,American,13.95
252,107,2023-01-02,18:25:09,"6pm - 6:59pm",117,"Chicken Burrito",Mexican,12.95
253,107,2023-01-02,18:25:09,"6pm - 6:59pm",122,"Chips & Salsa",Mexican,7
254,107,2023-01-02,18:25:09,"6pm - 6:59pm",132,"Eggplant Parmesan",Italian,16.95
255,108,2023-01-02,18:25:25,"6pm - 6:59pm",108,"Tofu Pad Thai",Asian,14.5
256,108,2023-01-02,18:25:25,"6pm - 6:59pm",109,"Korean Beef Bowl",Asian,17.95
257,108,2023-01-02,18:25:25,"6pm - 6:59pm",123,"Chips & Guacamole",Mexican,9
258,109,2023-01-02,18:27:50,"6pm - 6:59pm",110,"Pork Ramen",Asian,17.95
259,109,2023-01-02,18:27:50,"6pm - 6:59pm",117,"Chicken Burrito",Mexican,12.95
260,109,2023-01-02,18:27:50,"6pm - 6:59pm",113,Edamame,Asian,5
261,109,2023-01-02,18:27:50,"6pm - 6:59pm",119,"Chicken Torta",Mexican,11.95
262,110,2023-01-02,18:36:19,"6pm - 6:59pm",107,"Orange Chicken",Asian,16.5
263,110,2023-01-02,18:36:19,"6pm - 6:59pm",111,"California Roll",Asian,11.95
264,110,2023-01-02,18:36:19,"6pm - 6:59pm",121,"Cheese Quesadillas",Mexican,10.5
265,110,2023-01-02,18:36:19,"6pm - 6:59pm",122,"Chips & Salsa",Mexican,7
266,111,2023-01-02,18:38:01,"6pm - 6:59pm",102,Cheeseburger,American,13.95
267,111,2023-01-02,18:38:01,"6pm - 6:59pm",124,Spaghetti,Italian,14.5
268,111,2023-01-02,18:38:01,"6pm - 6:59pm",113,Edamame,Asian,5
269,111,2023-01-02,18:38:01,"6pm - 6:59pm",130,"Shrimp Scampi",Italian,19.95
270,112,2023-01-02,18:41:40,"6pm - 6:59pm",113,Edamame,Asian,5
271,113,2023-01-02,18:50:21,"6pm - 6:59pm",102,Cheeseburger,American,13.95
272,113,2023-01-02,18:50:21,"6pm - 6:59pm",129,"Mushroom Ravioli",Italian,15.5
273,113,2023-01-02,18:50:21,"6pm - 6:59pm",105,"Mac & Cheese",American,7
274,114,2023-01-02,18:59:32,"6pm - 6:59pm",113,Edamame,Asian,5
275,114,2023-01-02,18:59:32,"6pm - 6:59pm",120,"Steak Torta",Mexican,13.95
276,115,2023-01-02,19:05:17,"7pm - 7:59pm",107,"Orange Chicken",Asian,16.5
277,115,2023-01-02,19:05:17,"7pm - 7:59pm",111,"California Roll",Asian,11.95
278,115,2023-01-02,19:05:17,"7pm - 7:59pm",106,"French Fries",American,7
279,116,2023-01-02,19:18:49,"7pm - 7:59pm",124,Spaghetti,Italian,14.5
280,117,2023-01-02,19:23:02,"7pm - 7:59pm",118,"Steak Burrito",Mexican,14.95
281,117,2023-01-02,19:23:02,"7pm - 7:59pm",120,"Steak Torta",Mexican,13.95
282,118,2023-01-02,19:26:59,"7pm - 7:59pm",119,"Chicken Torta",Mexican,11.95
283,118,2023-01-02,19:26:59,"7pm - 7:59pm",131,"Chicken Parmesan",Italian,17.95
284,119,2023-01-02,19:32:29,"7pm - 7:59pm",125,"Spaghetti & Meatballs",Italian,17.95
285,120,2023-01-02,19:35:07,"7pm - 7:59pm",108,"Tofu Pad Thai",Asian,14.5
286,120,2023-01-02,19:35:07,"7pm - 7:59pm",109,"Korean Beef Bowl",Asian,17.95
287,120,2023-01-02,19:35:07,"7pm - 7:59pm",131,"Chicken Parmesan",Italian,17.95
288,121,2023-01-02,19:38:48,"7pm - 7:59pm",101,Hamburger,American,12.95
289,121,2023-01-02,19:38:48,"7pm - 7:59pm",125,"Spaghetti & Meatballs",Italian,17.95
290,121,2023-01-02,19:38:48,"7pm - 7:59pm",120,"Steak Torta",Mexican,13.95
291,121,2023-01-02,19:38:48,"7pm - 7:59pm",105,"Mac & Cheese",American,7
292,122,2023-01-02,19:50:19,"7pm - 7:59pm",117,"Chicken Burrito",Mexican,12.95
293,123,2023-01-02,20:12:09,"8pm - 8:59pm",110,"Pork Ramen",Asian,17.95
294,124,2023-01-02,20:12:34,"8pm - 8:59pm",101,Hamburger,American,12.95
295,124,2023-01-02,20:12:34,"8pm - 8:59pm",120,"Steak Torta",Mexican,13.95
296,124,2023-01-02,20:12:34,"8pm - 8:59pm",122,"Chips & Salsa",Mexican,7
297,124,2023-01-02,20:12:34,"8pm - 8:59pm",114,Potstickers,Asian,9
299,126,2023-01-02,20:53:42,"8pm - 8:59pm",132,"Eggplant Parmesan",Italian,16.95
300,127,2023-01-02,20:58:23,"8pm - 8:59pm",113,Edamame,Asian,5
301,128,2023-01-02,21:05:06,"9pm - 9:59pm",122,"Chips & Salsa",Mexican,7
302,129,2023-01-02,21:13:02,"9pm - 9:59pm",107,"Orange Chicken",Asian,16.5
303,129,2023-01-02,21:13:02,"9pm - 9:59pm",114,Potstickers,Asian,9
304,130,2023-01-02,21:14:55,"9pm - 9:59pm",109,"Korean Beef Bowl",Asian,17.95
305,130,2023-01-02,21:14:55,"9pm - 9:59pm",110,"Pork Ramen",Asian,17.95
306,130,2023-01-02,21:14:55,"9pm - 9:59pm",129,"Mushroom Ravioli",Italian,15.5
307,130,2023-01-02,21:14:55,"9pm - 9:59pm",105,"Mac & Cheese",American,7
308,131,2023-01-02,21:33:10,"9pm - 9:59pm",104,"Veggie Burger",American,10.5
309,131,2023-01-02,21:33:10,"9pm - 9:59pm",124,Spaghetti,Italian,14.5
310,131,2023-01-02,21:33:10,"9pm - 9:59pm",126,"Fettuccine Alfredo",Italian,14.5
311,131,2023-01-02,21:33:10,"9pm - 9:59pm",123,"Chips & Guacamole",Mexican,9
312,132,2023-01-02,21:42:45,"9pm - 9:59pm",113,Edamame,Asian,5
313,133,2023-01-02,22:00:17,"10pm - 10:59pm",101,Hamburger,American,12.95
314,133,2023-01-02,22:00:17,"10pm - 10:59pm",109,"Korean Beef Bowl",Asian,17.95
315,133,2023-01-02,22:00:17,"10pm - 10:59pm",114,Potstickers,Asian,9
316,134,2023-01-02,22:13:24,"10pm - 10:59pm",107,"Orange Chicken",Asian,16.5
317,134,2023-01-02,22:13:24,"10pm - 10:59pm",105,"Mac & Cheese",American,7
318,134,2023-01-02,22:13:24,"10pm - 10:59pm",123,"Chips & Guacamole",Mexican,9
319,135,2023-01-02,22:29:34,"10pm - 10:59pm",132,"Eggplant Parmesan",Italian,16.95
320,136,2023-01-02,22:32:49,"10pm - 10:59pm",124,Spaghetti,Italian,14.5
321,136,2023-01-02,22:32:49,"10pm - 10:59pm",118,"Steak Burrito",Mexican,14.95
322,137,2023-01-03,11:34:10,"11am - 11:59am",128,"Cheese Lasagna",Italian,15.5
323,137,2023-01-03,11:34:10,"11am - 11:59am",113,Edamame,Asian,5
324,137,2023-01-03,11:34:10,"11am - 11:59am",122,"Chips & Salsa",Mexican,7
325,138,2023-01-03,11:44:50,"11am - 11:59am",102,Cheeseburger,American,13.95
326,138,2023-01-03,11:44:50,"11am - 11:59am",125,"Spaghetti & Meatballs",Italian,17.95
327,138,2023-01-03,11:44:50,"11am - 11:59am",127,"Meat Lasagna",Italian,17.95
328,138,2023-01-03,11:44:50,"11am - 11:59am",120,"Steak Torta",Mexican,13.95
329,139,2023-01-03,11:57:39,"11am - 11:59am",124,Spaghetti,Italian,14.5
330,140,2023-01-03,12:26:44,"12pm - 12:59pm",119,"Chicken Torta",Mexican,11.95
331,140,2023-01-03,12:26:44,"12pm - 12:59pm",132,"Eggplant Parmesan",Italian,16.95
332,141,2023-01-03,13:16:01,"1pm - 1:59pm",108,"Tofu Pad Thai",Asian,14.5
333,142,2023-01-03,13:33:59,"1pm - 1:59pm",126,"Fettuccine Alfredo",Italian,14.5
334,143,2023-01-03,13:41:36,"1pm - 1:59pm",102,Cheeseburger,American,13.95
335,143,2023-01-03,13:41:36,"1pm - 1:59pm",108,"Tofu Pad Thai",Asian,14.5
336,143,2023-01-03,13:41:36,"1pm - 1:59pm",109,"Korean Beef Bowl",Asian,17.95
337,143,2023-01-03,13:41:36,"1pm - 1:59pm",129,"Mushroom Ravioli",Italian,15.5
338,143,2023-01-03,13:41:36,"1pm - 1:59pm",113,Edamame,Asian,5
339,143,2023-01-03,13:41:36,"1pm - 1:59pm",119,"Chicken Torta",Mexican,11.95
340,143,2023-01-03,13:41:36,"1pm - 1:59pm",106,"French Fries",American,7
341,143,2023-01-03,13:41:36,"1pm - 1:59pm",132,"Eggplant Parmesan",Italian,16.95
342,144,2023-01-03,13:44:28,"1pm - 1:59pm",101,Hamburger,American,12.95
343,144,2023-01-03,13:44:28,"1pm - 1:59pm",107,"Orange Chicken",Asian,16.5
344,144,2023-01-03,13:44:28,"1pm - 1:59pm",102,Cheeseburger,American,13.95
345,144,2023-01-03,13:44:28,"1pm - 1:59pm",104,"Veggie Burger",American,10.5
346,144,2023-01-03,13:44:28,"1pm - 1:59pm",124,Spaghetti,Italian,14.5
347,144,2023-01-03,13:44:28,"1pm - 1:59pm",125,"Spaghetti & Meatballs",Italian,17.95
348,144,2023-01-03,13:44:28,"1pm - 1:59pm",112,"Salmon Roll",Asian,14.95
349,144,2023-01-03,13:44:28,"1pm - 1:59pm",105,"Mac & Cheese",American,7
350,144,2023-01-03,13:44:28,"1pm - 1:59pm",105,"Mac & Cheese",American,7
351,144,2023-01-03,13:44:28,"1pm - 1:59pm",122,"Chips & Salsa",Mexican,7
352,144,2023-01-03,13:44:28,"1pm - 1:59pm",106,"French Fries",American,7
353,144,2023-01-03,13:44:28,"1pm - 1:59pm",132,"Eggplant Parmesan",Italian,16.95
354,145,2023-01-03,13:53:48,"1pm - 1:59pm",114,Potstickers,Asian,9
355,146,2023-01-03,14:22:10,"2pm - 2:59pm",102,Cheeseburger,American,13.95
356,146,2023-01-03,14:22:10,"2pm - 2:59pm",125,"Spaghetti & Meatballs",Italian,17.95
357,146,2023-01-03,14:22:10,"2pm - 2:59pm",109,"Korean Beef Bowl",Asian,17.95
359,148,2023-01-03,14:40:42,"2pm - 2:59pm",128,"Cheese Lasagna",Italian,15.5
360,149,2023-01-03,14:48:45,"2pm - 2:59pm",131,"Chicken Parmesan",Italian,17.95
361,150,2023-01-03,14:49:58,"2pm - 2:59pm",113,Edamame,Asian,5
362,151,2023-01-03,15:09:34,"3pm - 3:59pm",105,"Mac & Cheese",American,7
363,151,2023-01-03,15:09:34,"3pm - 3:59pm",123,"Chips & Guacamole",Mexican,9
364,152,2023-01-03,15:09:42,"3pm - 3:59pm",109,"Korean Beef Bowl",Asian,17.95
365,152,2023-01-03,15:09:42,"3pm - 3:59pm",131,"Chicken Parmesan",Italian,17.95
366,152,2023-01-03,15:09:42,"3pm - 3:59pm",106,"French Fries",American,7
367,152,2023-01-03,15:09:42,"3pm - 3:59pm",114,Potstickers,Asian,9
368,153,2023-01-03,15:16:34,"3pm - 3:59pm",129,"Mushroom Ravioli",Italian,15.5
369,154,2023-01-03,15:22:43,"3pm - 3:59pm",119,"Chicken Torta",Mexican,11.95
370,155,2023-01-03,15:28:59,"3pm - 3:59pm",104,"Veggie Burger",American,10.5
371,155,2023-01-03,15:28:59,"3pm - 3:59pm",111,"California Roll",Asian,11.95
372,155,2023-01-03,15:28:59,"3pm - 3:59pm",113,Edamame,Asian,5
373,155,2023-01-03,15:28:59,"3pm - 3:59pm",118,"Steak Burrito",Mexican,14.95
374,156,2023-01-03,15:42:19,"3pm - 3:59pm",111,"California Roll",Asian,11.95
375,156,2023-01-03,15:42:19,"3pm - 3:59pm",106,"French Fries",American,7
376,157,2023-01-03,15:43:03,"3pm - 3:59pm",117,"Chicken Burrito",Mexican,12.95
377,157,2023-01-03,15:43:03,"3pm - 3:59pm",128,"Cheese Lasagna",Italian,15.5
378,157,2023-01-03,15:43:03,"3pm - 3:59pm",120,"Steak Torta",Mexican,13.95
379,157,2023-01-03,15:43:03,"3pm - 3:59pm",130,"Shrimp Scampi",Italian,19.95
380,158,2023-01-03,15:54:30,"3pm - 3:59pm",127,"Meat Lasagna",Italian,17.95
381,158,2023-01-03,15:54:30,"3pm - 3:59pm",106,"French Fries",American,7
382,159,2023-01-03,15:59:22,"3pm - 3:59pm",125,"Spaghetti & Meatballs",Italian,17.95
383,159,2023-01-03,15:59:22,"3pm - 3:59pm",106,"French Fries",American,7
384,160,2023-01-03,16:35:33,"4pm - 4:59pm",108,"Tofu Pad Thai",Asian,14.5
385,161,2023-01-03,16:43:46,"4pm - 4:59pm",109,"Korean Beef Bowl",Asian,17.95
386,161,2023-01-03,16:43:46,"4pm - 4:59pm",122,"Chips & Salsa",Mexican,7
388,162,2023-01-03,16:51:22,"4pm - 4:59pm",107,"Orange Chicken",Asian,16.5
389,163,2023-01-03,16:54:54,"4pm - 4:59pm",109,"Korean Beef Bowl",Asian,17.95
390,163,2023-01-03,16:54:54,"4pm - 4:59pm",113,Edamame,Asian,5
391,163,2023-01-03,16:54:54,"4pm - 4:59pm",114,Potstickers,Asian,9
392,164,2023-01-03,16:56:33,"4pm - 4:59pm",102,Cheeseburger,American,13.95
393,164,2023-01-03,16:56:33,"4pm - 4:59pm",113,Edamame,Asian,5
394,165,2023-01-03,16:57:37,"4pm - 4:59pm",119,"Chicken Torta",Mexican,11.95
395,166,2023-01-03,16:58:51,"4pm - 4:59pm",119,"Chicken Torta",Mexican,11.95
396,167,2023-01-03,17:00:49,"5pm - 5:59pm",101,Hamburger,American,12.95
397,167,2023-01-03,17:00:49,"5pm - 5:59pm",117,"Chicken Burrito",Mexican,12.95
398,167,2023-01-03,17:00:49,"5pm - 5:59pm",113,Edamame,Asian,5
399,168,2023-01-03,17:02:27,"5pm - 5:59pm",107,"Orange Chicken",Asian,16.5
400,168,2023-01-03,17:02:27,"5pm - 5:59pm",132,"Eggplant Parmesan",Italian,16.95
401,169,2023-01-03,17:15:48,"5pm - 5:59pm",125,"Spaghetti & Meatballs",Italian,17.95
402,169,2023-01-03,17:15:48,"5pm - 5:59pm",110,"Pork Ramen",Asian,17.95
403,169,2023-01-03,17:15:48,"5pm - 5:59pm",120,"Steak Torta",Mexican,13.95
404,170,2023-01-03,17:21:31,"5pm - 5:59pm",109,"Korean Beef Bowl",Asian,17.95
405,171,2023-01-03,17:23:03,"5pm - 5:59pm",111,"California Roll",Asian,11.95
406,172,2023-01-03,17:29:24,"5pm - 5:59pm",111,"California Roll",Asian,11.95
407,172,2023-01-03,17:29:24,"5pm - 5:59pm",123,"Chips & Guacamole",Mexican,9
408,172,2023-01-03,17:29:24,"5pm - 5:59pm",106,"French Fries",American,7
409,173,2023-01-03,17:35:30,"5pm - 5:59pm",102,Cheeseburger,American,13.95
410,173,2023-01-03,17:35:30,"5pm - 5:59pm",108,"Tofu Pad Thai",Asian,14.5
411,173,2023-01-03,17:35:30,"5pm - 5:59pm",132,"Eggplant Parmesan",Italian,16.95
412,174,2023-01-03,17:37:49,"5pm - 5:59pm",107,"Orange Chicken",Asian,16.5
413,174,2023-01-03,17:37:49,"5pm - 5:59pm",102,Cheeseburger,American,13.95
414,174,2023-01-03,17:37:49,"5pm - 5:59pm",102,Cheeseburger,American,13.95
415,174,2023-01-03,17:37:49,"5pm - 5:59pm",110,"Pork Ramen",Asian,17.95
416,175,2023-01-03,17:50:51,"5pm - 5:59pm",117,"Chicken Burrito",Mexican,12.95
417,176,2023-01-03,17:51:57,"5pm - 5:59pm",102,Cheeseburger,American,13.95
418,176,2023-01-03,17:51:57,"5pm - 5:59pm",118,"Steak Burrito",Mexican,14.95
419,177,2023-01-03,17:54:36,"5pm - 5:59pm",111,"California Roll",Asian,11.95
420,177,2023-01-03,17:54:36,"5pm - 5:59pm",106,"French Fries",American,7
421,178,2023-01-03,18:15:03,"6pm - 6:59pm",118,"Steak Burrito",Mexican,14.95
422,179,2023-01-03,18:20:14,"6pm - 6:59pm",109,"Korean Beef Bowl",Asian,17.95
423,179,2023-01-03,18:20:14,"6pm - 6:59pm",120,"Steak Torta",Mexican,13.95
424,179,2023-01-03,18:20:14,"6pm - 6:59pm",132,"Eggplant Parmesan",Italian,16.95
425,180,2023-01-03,18:33:34,"6pm - 6:59pm",108,"Tofu Pad Thai",Asian,14.5
426,180,2023-01-03,18:33:34,"6pm - 6:59pm",119,"Chicken Torta",Mexican,11.95
427,181,2023-01-03,18:49:32,"6pm - 6:59pm",129,"Mushroom Ravioli",Italian,15.5
428,182,2023-01-03,18:50:10,"6pm - 6:59pm",115,"Chicken Tacos",Mexican,11.95
429,182,2023-01-03,18:50:10,"6pm - 6:59pm",118,"Steak Burrito",Mexican,14.95
430,183,2023-01-03,18:54:55,"6pm - 6:59pm",111,"California Roll",Asian,11.95
431,183,2023-01-03,18:54:55,"6pm - 6:59pm",130,"Shrimp Scampi",Italian,19.95
432,183,2023-01-03,18:54:55,"6pm - 6:59pm",130,"Shrimp Scampi",Italian,19.95
433,184,2023-01-03,18:59:05,"6pm - 6:59pm",109,"Korean Beef Bowl",Asian,17.95
434,185,2023-01-03,19:08:33,"7pm - 7:59pm",120,"Steak Torta",Mexican,13.95
435,185,2023-01-03,19:08:33,"7pm - 7:59pm",130,"Shrimp Scampi",Italian,19.95
436,186,2023-01-03,19:36:00,"7pm - 7:59pm",129,"Mushroom Ravioli",Italian,15.5
437,186,2023-01-03,19:36:00,"7pm - 7:59pm",105,"Mac & Cheese",American,7
438,186,2023-01-03,19:36:00,"7pm - 7:59pm",130,"Shrimp Scampi",Italian,19.95
439,186,2023-01-03,19:36:00,"7pm - 7:59pm",106,"French Fries",American,7
440,187,2023-01-03,19:37:12,"7pm - 7:59pm",124,Spaghetti,Italian,14.5
441,187,2023-01-03,19:37:12,"7pm - 7:59pm",130,"Shrimp Scampi",Italian,19.95
442,188,2023-01-03,20:08:39,"8pm - 8:59pm",124,Spaghetti,Italian,14.5
443,188,2023-01-03,20:08:39,"8pm - 8:59pm",113,Edamame,Asian,5
444,188,2023-01-03,20:08:39,"8pm - 8:59pm",118,"Steak Burrito",Mexican,14.95
445,189,2023-01-03,20:12:14,"8pm - 8:59pm",107,"Orange Chicken",Asian,16.5
446,189,2023-01-03,20:12:14,"8pm - 8:59pm",106,"French Fries",American,7
447,190,2023-01-03,20:14:23,"8pm - 8:59pm",101,Hamburger,American,12.95
448,190,2023-01-03,20:14:23,"8pm - 8:59pm",125,"Spaghetti & Meatballs",Italian,17.95
449,190,2023-01-03,20:14:23,"8pm - 8:59pm",112,"Salmon Roll",Asian,14.95
450,190,2023-01-03,20:14:23,"8pm - 8:59pm",119,"Chicken Torta",Mexican,11.95
451,191,2023-01-03,20:24:50,"8pm - 8:59pm",102,Cheeseburger,American,13.95
452,191,2023-01-03,20:24:50,"8pm - 8:59pm",103,"Hot Dog",American,9
453,192,2023-01-03,20:30:08,"8pm - 8:59pm",120,"Steak Torta",Mexican,13.95
454,192,2023-01-03,20:30:08,"8pm - 8:59pm",105,"Mac & Cheese",American,7
455,193,2023-01-03,20:55:47,"8pm - 8:59pm",107,"Orange Chicken",Asian,16.5
456,193,2023-01-03,20:55:47,"8pm - 8:59pm",102,Cheeseburger,American,13.95
457,193,2023-01-03,20:55:47,"8pm - 8:59pm",103,"Hot Dog",American,9
458,194,2023-01-03,21:21:24,"9pm - 9:59pm",101,Hamburger,American,12.95
459,195,2023-01-03,21:25:20,"9pm - 9:59pm",101,Hamburger,American,12.95
460,196,2023-01-03,21:40:14,"9pm - 9:59pm",120,"Steak Torta",Mexican,13.95
461,196,2023-01-03,21:40:14,"9pm - 9:59pm",122,"Chips & Salsa",Mexican,7
462,196,2023-01-03,21:40:14,"9pm - 9:59pm",132,"Eggplant Parmesan",Italian,16.95
463,197,2023-01-03,21:47:48,"9pm - 9:59pm",125,"Spaghetti & Meatballs",Italian,17.95
464,197,2023-01-03,21:47:48,"9pm - 9:59pm",110,"Pork Ramen",Asian,17.95
465,197,2023-01-03,21:47:48,"9pm - 9:59pm",127,"Meat Lasagna",Italian,17.95
466,197,2023-01-03,21:47:48,"9pm - 9:59pm",121,"Cheese Quesadillas",Mexican,10.5
467,198,2023-01-03,21:55:42,"9pm - 9:59pm",107,"Orange Chicken",Asian,16.5
468,198,2023-01-03,21:55:42,"9pm - 9:59pm",103,"Hot Dog",American,9
469,199,2023-01-03,22:10:38,"10pm - 10:59pm",103,"Hot Dog",American,9
471,201,2023-01-03,22:29:59,"10pm - 10:59pm",116,"Steak Tacos",Mexican,13.95
472,201,2023-01-03,22:29:59,"10pm - 10:59pm",104,"Veggie Burger",American,10.5
473,201,2023-01-03,22:29:59,"10pm - 10:59pm",117,"Chicken Burrito",Mexican,12.95
475,202,2023-01-03,22:50:29,"10pm - 10:59pm",102,Cheeseburger,American,13.95
476,203,2023-01-04,11:30:48,"11am - 11:59am",102,Cheeseburger,American,13.95
477,203,2023-01-04,11:30:48,"11am - 11:59am",127,"Meat Lasagna",Italian,17.95
478,203,2023-01-04,11:30:48,"11am - 11:59am",112,"Salmon Roll",Asian,14.95
479,203,2023-01-04,11:30:48,"11am - 11:59am",114,Potstickers,Asian,9
480,204,2023-01-04,11:36:25,"11am - 11:59am",122,"Chips & Salsa",Mexican,7
481,205,2023-01-04,11:43:54,"11am - 11:59am",102,Cheeseburger,American,13.95
482,205,2023-01-04,11:43:54,"11am - 11:59am",103,"Hot Dog",American,9
483,205,2023-01-04,11:43:54,"11am - 11:59am",119,"Chicken Torta",Mexican,11.95
484,206,2023-01-04,11:45:10,"11am - 11:59am",111,"California Roll",Asian,11.95
485,206,2023-01-04,11:45:10,"11am - 11:59am",113,Edamame,Asian,5
486,206,2023-01-04,11:45:10,"11am - 11:59am",122,"Chips & Salsa",Mexican,7
487,207,2023-01-04,12:03:58,"12pm - 12:59pm",122,"Chips & Salsa",Mexican,7
488,208,2023-01-04,12:12:05,"12pm - 12:59pm",101,Hamburger,American,12.95
489,208,2023-01-04,12:12:05,"12pm - 12:59pm",101,Hamburger,American,12.95
490,208,2023-01-04,12:12:05,"12pm - 12:59pm",103,"Hot Dog",American,9
491,208,2023-01-04,12:12:05,"12pm - 12:59pm",113,Edamame,Asian,5
492,208,2023-01-04,12:12:05,"12pm - 12:59pm",114,Potstickers,Asian,9
493,209,2023-01-04,12:29:17,"12pm - 12:59pm",102,Cheeseburger,American,13.95
494,210,2023-01-04,12:34:13,"12pm - 12:59pm",131,"Chicken Parmesan",Italian,17.95
495,211,2023-01-04,12:54:20,"12pm - 12:59pm",113,Edamame,Asian,5
496,212,2023-01-04,13:16:03,"1pm - 1:59pm",110,"Pork Ramen",Asian,17.95
497,213,2023-01-04,13:20:39,"1pm - 1:59pm",125,"Spaghetti & Meatballs",Italian,17.95
498,214,2023-01-04,13:39:16,"1pm - 1:59pm",110,"Pork Ramen",Asian,17.95
499,214,2023-01-04,13:39:16,"1pm - 1:59pm",117,"Chicken Burrito",Mexican,12.95
500,214,2023-01-04,13:39:16,"1pm - 1:59pm",129,"Mushroom Ravioli",Italian,15.5
501,214,2023-01-04,13:39:16,"1pm - 1:59pm",130,"Shrimp Scampi",Italian,19.95
502,215,2023-01-04,13:44:49,"1pm - 1:59pm",126,"Fettuccine Alfredo",Italian,14.5
503,216,2023-01-04,14:31:56,"2pm - 2:59pm",101,Hamburger,American,12.95
504,216,2023-01-04,14:31:56,"2pm - 2:59pm",124,Spaghetti,Italian,14.5
505,216,2023-01-04,14:31:56,"2pm - 2:59pm",109,"Korean Beef Bowl",Asian,17.95
506,217,2023-01-04,14:35:03,"2pm - 2:59pm",108,"Tofu Pad Thai",Asian,14.5
507,217,2023-01-04,14:35:03,"2pm - 2:59pm",131,"Chicken Parmesan",Italian,17.95
508,218,2023-01-04,14:35:11,"2pm - 2:59pm",122,"Chips & Salsa",Mexican,7
509,219,2023-01-04,14:42:01,"2pm - 2:59pm",101,Hamburger,American,12.95
510,219,2023-01-04,14:42:01,"2pm - 2:59pm",124,Spaghetti,Italian,14.5
511,219,2023-01-04,14:42:01,"2pm - 2:59pm",118,"Steak Burrito",Mexican,14.95
512,219,2023-01-04,14:42:01,"2pm - 2:59pm",131,"Chicken Parmesan",Italian,17.95
513,220,2023-01-04,15:31:59,"3pm - 3:59pm",109,"Korean Beef Bowl",Asian,17.95
514,220,2023-01-04,15:31:59,"3pm - 3:59pm",110,"Pork Ramen",Asian,17.95
515,220,2023-01-04,15:31:59,"3pm - 3:59pm",111,"California Roll",Asian,11.95
516,220,2023-01-04,15:31:59,"3pm - 3:59pm",122,"Chips & Salsa",Mexican,7
517,221,2023-01-04,15:33:18,"3pm - 3:59pm",124,Spaghetti,Italian,14.5
518,221,2023-01-04,15:33:18,"3pm - 3:59pm",119,"Chicken Torta",Mexican,11.95
519,221,2023-01-04,15:33:18,"3pm - 3:59pm",114,Potstickers,Asian,9
520,222,2023-01-04,15:46:38,"3pm - 3:59pm",125,"Spaghetti & Meatballs",Italian,17.95
521,222,2023-01-04,15:46:38,"3pm - 3:59pm",120,"Steak Torta",Mexican,13.95
522,223,2023-01-04,16:08:20,"4pm - 4:59pm",112,"Salmon Roll",Asian,14.95
523,224,2023-01-04,16:39:58,"4pm - 4:59pm",103,"Hot Dog",American,9
524,224,2023-01-04,16:39:58,"4pm - 4:59pm",117,"Chicken Burrito",Mexican,12.95
525,224,2023-01-04,16:39:58,"4pm - 4:59pm",111,"California Roll",Asian,11.95
526,224,2023-01-04,16:39:58,"4pm - 4:59pm",106,"French Fries",American,7
527,225,2023-01-04,16:41:48,"4pm - 4:59pm",101,Hamburger,American,12.95
528,225,2023-01-04,16:41:48,"4pm - 4:59pm",101,Hamburger,American,12.95
529,225,2023-01-04,16:41:48,"4pm - 4:59pm",105,"Mac & Cheese",American,7
530,226,2023-01-04,16:59:39,"4pm - 4:59pm",108,"Tofu Pad Thai",Asian,14.5
531,227,2023-01-04,17:24:39,"5pm - 5:59pm",101,Hamburger,American,12.95
532,227,2023-01-04,17:24:39,"5pm - 5:59pm",114,Potstickers,Asian,9
533,228,2023-01-04,17:31:24,"5pm - 5:59pm",127,"Meat Lasagna",Italian,17.95
534,229,2023-01-04,17:37:57,"5pm - 5:59pm",127,"Meat Lasagna",Italian,17.95
535,229,2023-01-04,17:37:57,"5pm - 5:59pm",119,"Chicken Torta",Mexican,11.95
536,229,2023-01-04,17:37:57,"5pm - 5:59pm",130,"Shrimp Scampi",Italian,19.95
537,230,2023-01-04,17:58:38,"5pm - 5:59pm",106,"French Fries",American,7
538,231,2023-01-04,18:04:18,"6pm - 6:59pm",102,Cheeseburger,American,13.95
539,231,2023-01-04,18:04:18,"6pm - 6:59pm",111,"California Roll",Asian,11.95
540,231,2023-01-04,18:04:18,"6pm - 6:59pm",119,"Chicken Torta",Mexican,11.95
541,232,2023-01-04,18:21:59,"6pm - 6:59pm",101,Hamburger,American,12.95
542,232,2023-01-04,18:21:59,"6pm - 6:59pm",123,"Chips & Guacamole",Mexican,9
543,233,2023-01-04,18:26:51,"6pm - 6:59pm",131,"Chicken Parmesan",Italian,17.95
544,234,2023-01-04,18:36:09,"6pm - 6:59pm",103,"Hot Dog",American,9
545,234,2023-01-04,18:36:09,"6pm - 6:59pm",117,"Chicken Burrito",Mexican,12.95
546,234,2023-01-04,18:36:09,"6pm - 6:59pm",111,"California Roll",Asian,11.95
547,235,2023-01-04,18:51:30,"6pm - 6:59pm",102,Cheeseburger,American,13.95
548,236,2023-01-04,19:21:04,"7pm - 7:59pm",108,"Tofu Pad Thai",Asian,14.5
549,236,2023-01-04,19:21:04,"7pm - 7:59pm",126,"Fettuccine Alfredo",Italian,14.5
550,237,2023-01-04,19:27:48,"7pm - 7:59pm",126,"Fettuccine Alfredo",Italian,14.5
551,238,2023-01-04,19:45:15,"7pm - 7:59pm",130,"Shrimp Scampi",Italian,19.95
552,239,2023-01-04,19:57:52,"7pm - 7:59pm",117,"Chicken Burrito",Mexican,12.95
553,239,2023-01-04,19:57:52,"7pm - 7:59pm",106,"French Fries",American,7
554,240,2023-01-04,20:10:24,"8pm - 8:59pm",125,"Spaghetti & Meatballs",Italian,17.95
555,241,2023-01-04,20:11:25,"8pm - 8:59pm",120,"Steak Torta",Mexican,13.95
556,241,2023-01-04,20:11:25,"8pm - 8:59pm",123,"Chips & Guacamole",Mexican,9
557,242,2023-01-04,20:15:29,"8pm - 8:59pm",116,"Steak Tacos",Mexican,13.95
558,242,2023-01-04,20:15:29,"8pm - 8:59pm",106,"French Fries",American,7
559,242,2023-01-04,20:15:29,"8pm - 8:59pm",132,"Eggplant Parmesan",Italian,16.95
560,243,2023-01-04,20:26:17,"8pm - 8:59pm",108,"Tofu Pad Thai",Asian,14.5
561,243,2023-01-04,20:26:17,"8pm - 8:59pm",123,"Chips & Guacamole",Mexican,9
562,244,2023-01-04,20:26:22,"8pm - 8:59pm",117,"Chicken Burrito",Mexican,12.95
563,244,2023-01-04,20:26:22,"8pm - 8:59pm",122,"Chips & Salsa",Mexican,7
564,245,2023-01-04,20:28:41,"8pm - 8:59pm",101,Hamburger,American,12.95
565,245,2023-01-04,20:28:41,"8pm - 8:59pm",104,"Veggie Burger",American,10.5
566,246,2023-01-04,20:30:48,"8pm - 8:59pm",103,"Hot Dog",American,9
567,246,2023-01-04,20:30:48,"8pm - 8:59pm",113,Edamame,Asian,5
568,247,2023-01-04,20:55:29,"8pm - 8:59pm",109,"Korean Beef Bowl",Asian,17.95
569,247,2023-01-04,20:55:29,"8pm - 8:59pm",120,"Steak Torta",Mexican,13.95
570,247,2023-01-04,20:55:29,"8pm - 8:59pm",123,"Chips & Guacamole",Mexican,9
571,248,2023-01-04,20:58:19,"8pm - 8:59pm",109,"Korean Beef Bowl",Asian,17.95
572,248,2023-01-04,20:58:19,"8pm - 8:59pm",106,"French Fries",American,7
573,249,2023-01-04,21:06:16,"9pm - 9:59pm",101,Hamburger,American,12.95
574,249,2023-01-04,21:06:16,"9pm - 9:59pm",116,"Steak Tacos",Mexican,13.95
575,250,2023-01-04,21:07:05,"9pm - 9:59pm",125,"Spaghetti & Meatballs",Italian,17.95
576,251,2023-01-04,21:10:05,"9pm - 9:59pm",129,"Mushroom Ravioli",Italian,15.5
577,252,2023-01-04,22:13:15,"10pm - 10:59pm",119,"Chicken Torta",Mexican,11.95
578,253,2023-01-04,22:16:18,"10pm - 10:59pm",115,"Chicken Tacos",Mexican,11.95
579,254,2023-01-04,22:22:13,"10pm - 10:59pm",101,Hamburger,American,12.95
580,254,2023-01-04,22:22:13,"10pm - 10:59pm",115,"Chicken Tacos",Mexican,11.95
581,254,2023-01-04,22:22:13,"10pm - 10:59pm",124,Spaghetti,Italian,14.5
582,255,2023-01-05,11:23:35,"11am - 11:59am",124,Spaghetti,Italian,14.5
583,255,2023-01-05,11:23:35,"11am - 11:59am",126,"Fettuccine Alfredo",Italian,14.5
584,255,2023-01-05,11:23:35,"11am - 11:59am",109,"Korean Beef Bowl",Asian,17.95
585,255,2023-01-05,11:23:35,"11am - 11:59am",131,"Chicken Parmesan",Italian,17.95
586,256,2023-01-05,11:56:06,"11am - 11:59am",112,"Salmon Roll",Asian,14.95
587,257,2023-01-05,11:59:04,"11am - 11:59am",102,Cheeseburger,American,13.95
588,257,2023-01-05,11:59:04,"11am - 11:59am",103,"Hot Dog",American,9
589,258,2023-01-05,11:59:23,"11am - 11:59am",108,"Tofu Pad Thai",Asian,14.5
590,259,2023-01-05,12:04:25,"12pm - 12:59pm",113,Edamame,Asian,5
591,260,2023-01-05,12:06:27,"12pm - 12:59pm",124,Spaghetti,Italian,14.5
592,260,2023-01-05,12:06:27,"12pm - 12:59pm",114,Potstickers,Asian,9
593,261,2023-01-05,12:38:29,"12pm - 12:59pm",115,"Chicken Tacos",Mexican,11.95
594,262,2023-01-05,12:42:01,"12pm - 12:59pm",102,Cheeseburger,American,13.95
595,263,2023-01-05,12:57:22,"12pm - 12:59pm",130,"Shrimp Scampi",Italian,19.95
596,264,2023-01-05,13:03:59,"1pm - 1:59pm",129,"Mushroom Ravioli",Italian,15.5
597,265,2023-01-05,13:04:42,"1pm - 1:59pm",103,"Hot Dog",American,9
598,265,2023-01-05,13:04:42,"1pm - 1:59pm",129,"Mushroom Ravioli",Italian,15.5
599,265,2023-01-05,13:04:42,"1pm - 1:59pm",120,"Steak Torta",Mexican,13.95
600,265,2023-01-05,13:04:42,"1pm - 1:59pm",122,"Chips & Salsa",Mexican,7
601,266,2023-01-05,13:09:29,"1pm - 1:59pm",118,"Steak Burrito",Mexican,14.95
602,267,2023-01-05,13:37:50,"1pm - 1:59pm",125,"Spaghetti & Meatballs",Italian,17.95
603,267,2023-01-05,13:37:50,"1pm - 1:59pm",128,"Cheese Lasagna",Italian,15.5
604,267,2023-01-05,13:37:50,"1pm - 1:59pm",111,"California Roll",Asian,11.95
605,268,2023-01-05,13:40:46,"1pm - 1:59pm",117,"Chicken Burrito",Mexican,12.95
606,268,2023-01-05,13:40:46,"1pm - 1:59pm",113,Edamame,Asian,5
607,269,2023-01-05,13:49:34,"1pm - 1:59pm",103,"Hot Dog",American,9
608,270,2023-01-05,14:09:02,"2pm - 2:59pm",105,"Mac & Cheese",American,7
609,270,2023-01-05,14:09:02,"2pm - 2:59pm",130,"Shrimp Scampi",Italian,19.95
610,270,2023-01-05,14:09:02,"2pm - 2:59pm",106,"French Fries",American,7
611,271,2023-01-05,14:22:19,"2pm - 2:59pm",107,"Orange Chicken",Asian,16.5
612,271,2023-01-05,14:22:19,"2pm - 2:59pm",102,Cheeseburger,American,13.95
613,271,2023-01-05,14:22:19,"2pm - 2:59pm",103,"Hot Dog",American,9
614,271,2023-01-05,14:22:19,"2pm - 2:59pm",104,"Veggie Burger",American,10.5
615,271,2023-01-05,14:22:19,"2pm - 2:59pm",108,"Tofu Pad Thai",Asian,14.5
616,271,2023-01-05,14:22:19,"2pm - 2:59pm",117,"Chicken Burrito",Mexican,12.95
617,271,2023-01-05,14:22:19,"2pm - 2:59pm",120,"Steak Torta",Mexican,13.95
618,271,2023-01-05,14:22:19,"2pm - 2:59pm",121,"Cheese Quesadillas",Mexican,10.5
619,271,2023-01-05,14:22:19,"2pm - 2:59pm",105,"Mac & Cheese",American,7
620,271,2023-01-05,14:22:19,"2pm - 2:59pm",114,Potstickers,Asian,9
621,272,2023-01-05,14:24:05,"2pm - 2:59pm",117,"Chicken Burrito",Mexican,12.95
622,273,2023-01-05,14:28:00,"2pm - 2:59pm",121,"Cheese Quesadillas",Mexican,10.5
623,274,2023-01-05,14:36:33,"2pm - 2:59pm",125,"Spaghetti & Meatballs",Italian,17.95
624,274,2023-01-05,14:36:33,"2pm - 2:59pm",106,"French Fries",American,7
625,275,2023-01-05,14:38:14,"2pm - 2:59pm",108,"Tofu Pad Thai",Asian,14.5
626,275,2023-01-05,14:38:14,"2pm - 2:59pm",124,Spaghetti,Italian,14.5
627,275,2023-01-05,14:38:14,"2pm - 2:59pm",113,Edamame,Asian,5
628,275,2023-01-05,14:38:14,"2pm - 2:59pm",120,"Steak Torta",Mexican,13.95
629,276,2023-01-05,15:18:18,"3pm - 3:59pm",124,Spaghetti,Italian,14.5
630,276,2023-01-05,15:18:18,"3pm - 3:59pm",122,"Chips & Salsa",Mexican,7
631,277,2023-01-05,15:41:50,"3pm - 3:59pm",125,"Spaghetti & Meatballs",Italian,17.95
632,278,2023-01-05,15:49:21,"3pm - 3:59pm",127,"Meat Lasagna",Italian,17.95
633,278,2023-01-05,15:49:21,"3pm - 3:59pm",105,"Mac & Cheese",American,7
634,279,2023-01-05,16:07:03,"4pm - 4:59pm",102,Cheeseburger,American,13.95
635,279,2023-01-05,16:07:03,"4pm - 4:59pm",103,"Hot Dog",American,9
636,280,2023-01-05,16:20:23,"4pm - 4:59pm",119,"Chicken Torta",Mexican,11.95
637,280,2023-01-05,16:20:23,"4pm - 4:59pm",132,"Eggplant Parmesan",Italian,16.95
638,281,2023-01-05,16:33:48,"4pm - 4:59pm",120,"Steak Torta",Mexican,13.95
639,282,2023-01-05,16:49:38,"4pm - 4:59pm",108,"Tofu Pad Thai",Asian,14.5
640,282,2023-01-05,16:49:38,"4pm - 4:59pm",124,Spaghetti,Italian,14.5
641,282,2023-01-05,16:49:38,"4pm - 4:59pm",118,"Steak Burrito",Mexican,14.95
642,282,2023-01-05,16:49:38,"4pm - 4:59pm",130,"Shrimp Scampi",Italian,19.95
643,283,2023-01-05,16:51:43,"4pm - 4:59pm",111,"California Roll",Asian,11.95
644,284,2023-01-05,16:58:16,"4pm - 4:59pm",125,"Spaghetti & Meatballs",Italian,17.95
645,284,2023-01-05,16:58:16,"4pm - 4:59pm",109,"Korean Beef Bowl",Asian,17.95
646,284,2023-01-05,16:58:16,"4pm - 4:59pm",111,"California Roll",Asian,11.95
647,285,2023-01-05,16:58:38,"4pm - 4:59pm",119,"Chicken Torta",Mexican,11.95
648,286,2023-01-05,17:01:23,"5pm - 5:59pm",117,"Chicken Burrito",Mexican,12.95
649,286,2023-01-05,17:01:23,"5pm - 5:59pm",118,"Steak Burrito",Mexican,14.95
650,287,2023-01-05,17:30:09,"5pm - 5:59pm",117,"Chicken Burrito",Mexican,12.95
651,287,2023-01-05,17:30:09,"5pm - 5:59pm",112,"Salmon Roll",Asian,14.95
652,287,2023-01-05,17:30:09,"5pm - 5:59pm",113,Edamame,Asian,5
653,287,2023-01-05,17:30:09,"5pm - 5:59pm",120,"Steak Torta",Mexican,13.95
654,288,2023-01-05,17:32:44,"5pm - 5:59pm",115,"Chicken Tacos",Mexican,11.95
655,288,2023-01-05,17:32:44,"5pm - 5:59pm",119,"Chicken Torta",Mexican,11.95
656,288,2023-01-05,17:32:44,"5pm - 5:59pm",123,"Chips & Guacamole",Mexican,9
657,289,2023-01-05,17:36:23,"5pm - 5:59pm",124,Spaghetti,Italian,14.5
658,290,2023-01-05,17:41:16,"5pm - 5:59pm",108,"Tofu Pad Thai",Asian,14.5
659,290,2023-01-05,17:41:16,"5pm - 5:59pm",132,"Eggplant Parmesan",Italian,16.95
660,291,2023-01-05,17:44:39,"5pm - 5:59pm",101,Hamburger,American,12.95
661,291,2023-01-05,17:44:39,"5pm - 5:59pm",103,"Hot Dog",American,9
662,291,2023-01-05,17:44:39,"5pm - 5:59pm",125,"Spaghetti & Meatballs",Italian,17.95
663,292,2023-01-05,17:48:59,"5pm - 5:59pm",130,"Shrimp Scampi",Italian,19.95
664,292,2023-01-05,17:48:59,"5pm - 5:59pm",131,"Chicken Parmesan",Italian,17.95
665,293,2023-01-05,17:58:38,"5pm - 5:59pm",108,"Tofu Pad Thai",Asian,14.5
666,293,2023-01-05,17:58:38,"5pm - 5:59pm",127,"Meat Lasagna",Italian,17.95
667,294,2023-01-05,18:16:35,"6pm - 6:59pm",101,Hamburger,American,12.95
668,294,2023-01-05,18:16:35,"6pm - 6:59pm",117,"Chicken Burrito",Mexican,12.95
669,294,2023-01-05,18:16:35,"6pm - 6:59pm",106,"French Fries",American,7
670,295,2023-01-05,18:20:12,"6pm - 6:59pm",102,Cheeseburger,American,13.95
671,296,2023-01-05,18:46:54,"6pm - 6:59pm",126,"Fettuccine Alfredo",Italian,14.5
672,296,2023-01-05,18:46:54,"6pm - 6:59pm",110,"Pork Ramen",Asian,17.95
673,296,2023-01-05,18:46:54,"6pm - 6:59pm",106,"French Fries",American,7
674,297,2023-01-05,19:02:18,"7pm - 7:59pm",105,"Mac & Cheese",American,7
675,298,2023-01-05,19:10:36,"7pm - 7:59pm",102,Cheeseburger,American,13.95
676,298,2023-01-05,19:10:36,"7pm - 7:59pm",102,Cheeseburger,American,13.95
677,298,2023-01-05,19:10:36,"7pm - 7:59pm",103,"Hot Dog",American,9
678,298,2023-01-05,19:10:36,"7pm - 7:59pm",108,"Tofu Pad Thai",Asian,14.5
679,299,2023-01-05,19:34:31,"7pm - 7:59pm",108,"Tofu Pad Thai",Asian,14.5
680,299,2023-01-05,19:34:31,"7pm - 7:59pm",131,"Chicken Parmesan",Italian,17.95
681,300,2023-01-05,19:42:54,"7pm - 7:59pm",107,"Orange Chicken",Asian,16.5
682,300,2023-01-05,19:42:54,"7pm - 7:59pm",110,"Pork Ramen",Asian,17.95
683,300,2023-01-05,19:42:54,"7pm - 7:59pm",127,"Meat Lasagna",Italian,17.95
684,300,2023-01-05,19:42:54,"7pm - 7:59pm",123,"Chips & Guacamole",Mexican,9
685,301,2023-01-05,19:45:58,"7pm - 7:59pm",111,"California Roll",Asian,11.95
686,302,2023-01-05,19:57:37,"7pm - 7:59pm",118,"Steak Burrito",Mexican,14.95
687,303,2023-01-05,20:02:51,"8pm - 8:59pm",107,"Orange Chicken",Asian,16.5
688,303,2023-01-05,20:02:51,"8pm - 8:59pm",110,"Pork Ramen",Asian,17.95
689,303,2023-01-05,20:02:51,"8pm - 8:59pm",113,Edamame,Asian,5
690,304,2023-01-05,20:07:58,"8pm - 8:59pm",109,"Korean Beef Bowl",Asian,17.95
691,304,2023-01-05,20:07:58,"8pm - 8:59pm",129,"Mushroom Ravioli",Italian,15.5
692,305,2023-01-05,20:35:40,"8pm - 8:59pm",113,Edamame,Asian,5
693,305,2023-01-05,20:35:40,"8pm - 8:59pm",120,"Steak Torta",Mexican,13.95
694,305,2023-01-05,20:35:40,"8pm - 8:59pm",122,"Chips & Salsa",Mexican,7
695,306,2023-01-05,20:37:40,"8pm - 8:59pm",107,"Orange Chicken",Asian,16.5
696,306,2023-01-05,20:37:40,"8pm - 8:59pm",109,"Korean Beef Bowl",Asian,17.95
697,306,2023-01-05,20:37:40,"8pm - 8:59pm",111,"California Roll",Asian,11.95
698,307,2023-01-05,21:45:38,"9pm - 9:59pm",108,"Tofu Pad Thai",Asian,14.5
699,307,2023-01-05,21:45:38,"9pm - 9:59pm",106,"French Fries",American,7
700,308,2023-01-05,21:59:46,"9pm - 9:59pm",109,"Korean Beef Bowl",Asian,17.95
701,308,2023-01-05,21:59:46,"9pm - 9:59pm",112,"Salmon Roll",Asian,14.95
702,308,2023-01-05,21:59:46,"9pm - 9:59pm",106,"French Fries",American,7
703,309,2023-01-06,11:39:06,"11am - 11:59am",124,Spaghetti,Italian,14.5
704,309,2023-01-06,11:39:06,"11am - 11:59am",118,"Steak Burrito",Mexican,14.95
705,310,2023-01-06,11:40:48,"11am - 11:59am",109,"Korean Beef Bowl",Asian,17.95
706,310,2023-01-06,11:40:48,"11am - 11:59am",106,"French Fries",American,7
707,311,2023-01-06,11:57:27,"11am - 11:59am",120,"Steak Torta",Mexican,13.95
708,312,2023-01-06,12:05:21,"12pm - 12:59pm",107,"Orange Chicken",Asian,16.5
709,312,2023-01-06,12:05:21,"12pm - 12:59pm",115,"Chicken Tacos",Mexican,11.95
710,312,2023-01-06,12:05:21,"12pm - 12:59pm",103,"Hot Dog",American,9
711,312,2023-01-06,12:05:21,"12pm - 12:59pm",120,"Steak Torta",Mexican,13.95
712,313,2023-01-06,12:09:09,"12pm - 12:59pm",108,"Tofu Pad Thai",Asian,14.5
713,314,2023-01-06,12:11:58,"12pm - 12:59pm",116,"Steak Tacos",Mexican,13.95
714,314,2023-01-06,12:11:58,"12pm - 12:59pm",124,Spaghetti,Italian,14.5
715,314,2023-01-06,12:11:58,"12pm - 12:59pm",126,"Fettuccine Alfredo",Italian,14.5
716,314,2023-01-06,12:11:58,"12pm - 12:59pm",109,"Korean Beef Bowl",Asian,17.95
717,314,2023-01-06,12:11:58,"12pm - 12:59pm",132,"Eggplant Parmesan",Italian,16.95
718,315,2023-01-06,12:17:40,"12pm - 12:59pm",108,"Tofu Pad Thai",Asian,14.5
719,316,2023-01-06,12:29:34,"12pm - 12:59pm",109,"Korean Beef Bowl",Asian,17.95
720,316,2023-01-06,12:29:34,"12pm - 12:59pm",117,"Chicken Burrito",Mexican,12.95
721,317,2023-01-06,12:31:00,"12pm - 12:59pm",102,Cheeseburger,American,13.95
722,317,2023-01-06,12:31:00,"12pm - 12:59pm",108,"Tofu Pad Thai",Asian,14.5
723,317,2023-01-06,12:31:00,"12pm - 12:59pm",125,"Spaghetti & Meatballs",Italian,17.95
724,317,2023-01-06,12:31:00,"12pm - 12:59pm",109,"Korean Beef Bowl",Asian,17.95
725,317,2023-01-06,12:31:00,"12pm - 12:59pm",112,"Salmon Roll",Asian,14.95
726,317,2023-01-06,12:31:00,"12pm - 12:59pm",119,"Chicken Torta",Mexican,11.95
727,317,2023-01-06,12:31:00,"12pm - 12:59pm",131,"Chicken Parmesan",Italian,17.95
728,318,2023-01-06,12:45:14,"12pm - 12:59pm",110,"Pork Ramen",Asian,17.95
729,318,2023-01-06,12:45:14,"12pm - 12:59pm",129,"Mushroom Ravioli",Italian,15.5
730,318,2023-01-06,12:45:14,"12pm - 12:59pm",121,"Cheese Quesadillas",Mexican,10.5
731,318,2023-01-06,12:45:14,"12pm - 12:59pm",122,"Chips & Salsa",Mexican,7
732,319,2023-01-06,12:46:22,"12pm - 12:59pm",117,"Chicken Burrito",Mexican,12.95
733,320,2023-01-06,12:46:40,"12pm - 12:59pm",102,Cheeseburger,American,13.95
734,320,2023-01-06,12:46:40,"12pm - 12:59pm",104,"Veggie Burger",American,10.5
735,321,2023-01-06,12:56:21,"12pm - 12:59pm",117,"Chicken Burrito",Mexican,12.95
736,322,2023-01-06,13:02:13,"1pm - 1:59pm",102,Cheeseburger,American,13.95
737,322,2023-01-06,13:02:13,"1pm - 1:59pm",104,"Veggie Burger",American,10.5
738,322,2023-01-06,13:02:13,"1pm - 1:59pm",108,"Tofu Pad Thai",Asian,14.5
739,322,2023-01-06,13:02:13,"1pm - 1:59pm",106,"French Fries",American,7
740,323,2023-01-06,13:05:33,"1pm - 1:59pm",108,"Tofu Pad Thai",Asian,14.5
741,324,2023-01-06,13:06:44,"1pm - 1:59pm",124,Spaghetti,Italian,14.5
742,325,2023-01-06,13:07:32,"1pm - 1:59pm",108,"Tofu Pad Thai",Asian,14.5
743,325,2023-01-06,13:07:32,"1pm - 1:59pm",132,"Eggplant Parmesan",Italian,16.95
744,326,2023-01-06,13:10:13,"1pm - 1:59pm",102,Cheeseburger,American,13.95
745,326,2023-01-06,13:10:13,"1pm - 1:59pm",123,"Chips & Guacamole",Mexican,9
746,327,2023-01-06,13:10:54,"1pm - 1:59pm",108,"Tofu Pad Thai",Asian,14.5
747,328,2023-01-06,13:16:35,"1pm - 1:59pm",128,"Cheese Lasagna",Italian,15.5
748,329,2023-01-06,13:22:44,"1pm - 1:59pm",122,"Chips & Salsa",Mexican,7
749,329,2023-01-06,13:22:44,"1pm - 1:59pm",123,"Chips & Guacamole",Mexican,9
750,330,2023-01-06,13:27:11,"1pm - 1:59pm",107,"Orange Chicken",Asian,16.5
751,330,2023-01-06,13:27:11,"1pm - 1:59pm",103,"Hot Dog",American,9
752,330,2023-01-06,13:27:11,"1pm - 1:59pm",108,"Tofu Pad Thai",Asian,14.5
753,330,2023-01-06,13:27:11,"1pm - 1:59pm",108,"Tofu Pad Thai",Asian,14.5
754,330,2023-01-06,13:27:11,"1pm - 1:59pm",124,Spaghetti,Italian,14.5
755,330,2023-01-06,13:27:11,"1pm - 1:59pm",125,"Spaghetti & Meatballs",Italian,17.95
756,330,2023-01-06,13:27:11,"1pm - 1:59pm",109,"Korean Beef Bowl",Asian,17.95
757,330,2023-01-06,13:27:11,"1pm - 1:59pm",112,"Salmon Roll",Asian,14.95
758,330,2023-01-06,13:27:11,"1pm - 1:59pm",118,"Steak Burrito",Mexican,14.95
759,330,2023-01-06,13:27:11,"1pm - 1:59pm",120,"Steak Torta",Mexican,13.95
760,330,2023-01-06,13:27:11,"1pm - 1:59pm",122,"Chips & Salsa",Mexican,7
761,330,2023-01-06,13:27:11,"1pm - 1:59pm",122,"Chips & Salsa",Mexican,7
762,330,2023-01-06,13:27:11,"1pm - 1:59pm",131,"Chicken Parmesan",Italian,17.95
763,330,2023-01-06,13:27:11,"1pm - 1:59pm",114,Potstickers,Asian,9
764,331,2023-01-06,13:43:30,"1pm - 1:59pm",119,"Chicken Torta",Mexican,11.95
765,332,2023-01-06,14:12:01,"2pm - 2:59pm",120,"Steak Torta",Mexican,13.95
766,332,2023-01-06,14:12:01,"2pm - 2:59pm",105,"Mac & Cheese",American,7
767,332,2023-01-06,14:12:01,"2pm - 2:59pm",106,"French Fries",American,7
768,333,2023-01-06,14:16:36,"2pm - 2:59pm",103,"Hot Dog",American,9
769,334,2023-01-06,14:24:18,"2pm - 2:59pm",116,"Steak Tacos",Mexican,13.95
770,334,2023-01-06,14:24:18,"2pm - 2:59pm",113,Edamame,Asian,5
771,334,2023-01-06,14:24:18,"2pm - 2:59pm",105,"Mac & Cheese",American,7
772,334,2023-01-06,14:24:18,"2pm - 2:59pm",106,"French Fries",American,7
773,335,2023-01-06,14:24:47,"2pm - 2:59pm",128,"Cheese Lasagna",Italian,15.5
774,336,2023-01-06,14:51:41,"2pm - 2:59pm",119,"Chicken Torta",Mexican,11.95
775,337,2023-01-06,15:03:12,"3pm - 3:59pm",109,"Korean Beef Bowl",Asian,17.95
776,337,2023-01-06,15:03:12,"3pm - 3:59pm",113,Edamame,Asian,5
777,338,2023-01-06,15:18:26,"3pm - 3:59pm",129,"Mushroom Ravioli",Italian,15.5
778,338,2023-01-06,15:18:26,"3pm - 3:59pm",106,"French Fries",American,7
780,339,2023-01-06,15:25:13,"3pm - 3:59pm",122,"Chips & Salsa",Mexican,7
781,340,2023-01-06,15:35:32,"3pm - 3:59pm",118,"Steak Burrito",Mexican,14.95
782,341,2023-01-06,15:35:47,"3pm - 3:59pm",101,Hamburger,American,12.95
783,341,2023-01-06,15:35:47,"3pm - 3:59pm",113,Edamame,Asian,5
784,342,2023-01-06,15:44:12,"3pm - 3:59pm",120,"Steak Torta",Mexican,13.95
785,342,2023-01-06,15:44:12,"3pm - 3:59pm",105,"Mac & Cheese",American,7
786,343,2023-01-06,15:45:37,"3pm - 3:59pm",124,Spaghetti,Italian,14.5
787,343,2023-01-06,15:45:37,"3pm - 3:59pm",125,"Spaghetti & Meatballs",Italian,17.95
788,344,2023-01-06,16:01:11,"4pm - 4:59pm",110,"Pork Ramen",Asian,17.95
789,345,2023-01-06,16:01:47,"4pm - 4:59pm",118,"Steak Burrito",Mexican,14.95
790,345,2023-01-06,16:01:47,"4pm - 4:59pm",131,"Chicken Parmesan",Italian,17.95
791,346,2023-01-06,16:30:00,"4pm - 4:59pm",126,"Fettuccine Alfredo",Italian,14.5
792,346,2023-01-06,16:30:00,"4pm - 4:59pm",109,"Korean Beef Bowl",Asian,17.95
793,346,2023-01-06,16:30:00,"4pm - 4:59pm",110,"Pork Ramen",Asian,17.95
794,346,2023-01-06,16:30:00,"4pm - 4:59pm",111,"California Roll",Asian,11.95
795,347,2023-01-06,16:37:17,"4pm - 4:59pm",131,"Chicken Parmesan",Italian,17.95
796,347,2023-01-06,16:37:17,"4pm - 4:59pm",106,"French Fries",American,7
797,347,2023-01-06,16:37:17,"4pm - 4:59pm",132,"Eggplant Parmesan",Italian,16.95
798,348,2023-01-06,16:49:12,"4pm - 4:59pm",108,"Tofu Pad Thai",Asian,14.5
799,348,2023-01-06,16:49:12,"4pm - 4:59pm",106,"French Fries",American,7
800,348,2023-01-06,16:49:12,"4pm - 4:59pm",106,"French Fries",American,7
801,349,2023-01-06,17:25:58,"5pm - 5:59pm",113,Edamame,Asian,5
802,350,2023-01-06,17:37:05,"5pm - 5:59pm",108,"Tofu Pad Thai",Asian,14.5
803,350,2023-01-06,17:37:05,"5pm - 5:59pm",113,Edamame,Asian,5
804,350,2023-01-06,17:37:05,"5pm - 5:59pm",122,"Chips & Salsa",Mexican,7
805,351,2023-01-06,17:37:29,"5pm - 5:59pm",107,"Orange Chicken",Asian,16.5
806,351,2023-01-06,17:37:29,"5pm - 5:59pm",109,"Korean Beef Bowl",Asian,17.95
807,352,2023-01-06,17:45:48,"5pm - 5:59pm",107,"Orange Chicken",Asian,16.5
808,352,2023-01-06,17:45:48,"5pm - 5:59pm",110,"Pork Ramen",Asian,17.95
809,353,2023-01-06,17:59:48,"5pm - 5:59pm",101,Hamburger,American,12.95
810,353,2023-01-06,17:59:48,"5pm - 5:59pm",102,Cheeseburger,American,13.95
811,353,2023-01-06,17:59:48,"5pm - 5:59pm",119,"Chicken Torta",Mexican,11.95
812,354,2023-01-06,18:01:44,"6pm - 6:59pm",126,"Fettuccine Alfredo",Italian,14.5
813,354,2023-01-06,18:01:44,"6pm - 6:59pm",132,"Eggplant Parmesan",Italian,16.95
814,355,2023-01-06,18:14:45,"6pm - 6:59pm",103,"Hot Dog",American,9
815,355,2023-01-06,18:14:45,"6pm - 6:59pm",117,"Chicken Burrito",Mexican,12.95
816,356,2023-01-06,18:16:05,"6pm - 6:59pm",103,"Hot Dog",American,9
817,357,2023-01-06,18:27:58,"6pm - 6:59pm",102,Cheeseburger,American,13.95
818,357,2023-01-06,18:27:58,"6pm - 6:59pm",105,"Mac & Cheese",American,7
819,357,2023-01-06,18:27:58,"6pm - 6:59pm",131,"Chicken Parmesan",Italian,17.95
820,358,2023-01-06,18:30:12,"6pm - 6:59pm",117,"Chicken Burrito",Mexican,12.95
821,359,2023-01-06,18:33:08,"6pm - 6:59pm",126,"Fettuccine Alfredo",Italian,14.5
822,359,2023-01-06,18:33:08,"6pm - 6:59pm",106,"French Fries",American,7
823,360,2023-01-06,18:50:38,"6pm - 6:59pm",101,Hamburger,American,12.95
824,360,2023-01-06,18:50:38,"6pm - 6:59pm",126,"Fettuccine Alfredo",Italian,14.5
825,360,2023-01-06,18:50:38,"6pm - 6:59pm",109,"Korean Beef Bowl",Asian,17.95
826,361,2023-01-06,19:12:38,"7pm - 7:59pm",107,"Orange Chicken",Asian,16.5
827,361,2023-01-06,19:12:38,"7pm - 7:59pm",110,"Pork Ramen",Asian,17.95
828,362,2023-01-06,19:13:36,"7pm - 7:59pm",101,Hamburger,American,12.95
829,362,2023-01-06,19:13:36,"7pm - 7:59pm",129,"Mushroom Ravioli",Italian,15.5
830,363,2023-01-06,19:20:31,"7pm - 7:59pm",128,"Cheese Lasagna",Italian,15.5
831,363,2023-01-06,19:20:31,"7pm - 7:59pm",129,"Mushroom Ravioli",Italian,15.5
832,364,2023-01-06,19:27:24,"7pm - 7:59pm",117,"Chicken Burrito",Mexican,12.95
834,365,2023-01-06,19:37:26,"7pm - 7:59pm",125,"Spaghetti & Meatballs",Italian,17.95
835,365,2023-01-06,19:37:26,"7pm - 7:59pm",128,"Cheese Lasagna",Italian,15.5
836,365,2023-01-06,19:37:26,"7pm - 7:59pm",113,Edamame,Asian,5
837,366,2023-01-06,20:04:20,"8pm - 8:59pm",110,"Pork Ramen",Asian,17.95
838,367,2023-01-06,20:05:12,"8pm - 8:59pm",109,"Korean Beef Bowl",Asian,17.95
839,367,2023-01-06,20:05:12,"8pm - 8:59pm",131,"Chicken Parmesan",Italian,17.95
840,368,2023-01-06,20:28:16,"8pm - 8:59pm",130,"Shrimp Scampi",Italian,19.95
841,368,2023-01-06,20:28:16,"8pm - 8:59pm",106,"French Fries",American,7
842,369,2023-01-06,20:30:06,"8pm - 8:59pm",131,"Chicken Parmesan",Italian,17.95
843,370,2023-01-06,21:02:30,"9pm - 9:59pm",125,"Spaghetti & Meatballs",Italian,17.95
844,370,2023-01-06,21:02:30,"9pm - 9:59pm",109,"Korean Beef Bowl",Asian,17.95
845,371,2023-01-06,21:15:20,"9pm - 9:59pm",113,Edamame,Asian,5
846,372,2023-01-06,22:26:59,"10pm - 10:59pm",131,"Chicken Parmesan",Italian,17.95
847,373,2023-01-07,11:45:18,"11am - 11:59am",104,"Veggie Burger",American,10.5
848,373,2023-01-07,11:45:18,"11am - 11:59am",108,"Tofu Pad Thai",Asian,14.5
849,373,2023-01-07,11:45:18,"11am - 11:59am",120,"Steak Torta",Mexican,13.95
850,374,2023-01-07,11:55:59,"11am - 11:59am",107,"Orange Chicken",Asian,16.5
851,374,2023-01-07,11:55:59,"11am - 11:59am",103,"Hot Dog",American,9
852,374,2023-01-07,11:55:59,"11am - 11:59am",118,"Steak Burrito",Mexican,14.95
853,375,2023-01-07,11:58:36,"11am - 11:59am",129,"Mushroom Ravioli",Italian,15.5
855,376,2023-01-07,12:01:17,"12pm - 12:59pm",132,"Eggplant Parmesan",Italian,16.95
856,377,2023-01-07,12:03:18,"12pm - 12:59pm",109,"Korean Beef Bowl",Asian,17.95
857,377,2023-01-07,12:03:18,"12pm - 12:59pm",106,"French Fries",American,7
858,378,2023-01-07,12:19:37,"12pm - 12:59pm",127,"Meat Lasagna",Italian,17.95
859,379,2023-01-07,12:25:37,"12pm - 12:59pm",106,"French Fries",American,7
860,380,2023-01-07,12:32:10,"12pm - 12:59pm",116,"Steak Tacos",Mexican,13.95
861,380,2023-01-07,12:32:10,"12pm - 12:59pm",102,Cheeseburger,American,13.95
862,381,2023-01-07,12:33:06,"12pm - 12:59pm",105,"Mac & Cheese",American,7
863,382,2023-01-07,12:33:07,"12pm - 12:59pm",106,"French Fries",American,7
864,382,2023-01-07,12:33:07,"12pm - 12:59pm",132,"Eggplant Parmesan",Italian,16.95
865,383,2023-01-07,12:43:59,"12pm - 12:59pm",122,"Chips & Salsa",Mexican,7
866,384,2023-01-07,12:51:46,"12pm - 12:59pm",109,"Korean Beef Bowl",Asian,17.95
867,384,2023-01-07,12:51:46,"12pm - 12:59pm",110,"Pork Ramen",Asian,17.95
868,384,2023-01-07,12:51:46,"12pm - 12:59pm",128,"Cheese Lasagna",Italian,15.5
869,384,2023-01-07,12:51:46,"12pm - 12:59pm",114,Potstickers,Asian,9
870,385,2023-01-07,12:54:19,"12pm - 12:59pm",132,"Eggplant Parmesan",Italian,16.95
871,386,2023-01-07,12:58:16,"12pm - 12:59pm",127,"Meat Lasagna",Italian,17.95
872,386,2023-01-07,12:58:16,"12pm - 12:59pm",121,"Cheese Quesadillas",Mexican,10.5
873,386,2023-01-07,12:58:16,"12pm - 12:59pm",106,"French Fries",American,7
874,387,2023-01-07,13:03:14,"1pm - 1:59pm",101,Hamburger,American,12.95
875,387,2023-01-07,13:03:14,"1pm - 1:59pm",107,"Orange Chicken",Asian,16.5
876,387,2023-01-07,13:03:14,"1pm - 1:59pm",104,"Veggie Burger",American,10.5
877,387,2023-01-07,13:03:14,"1pm - 1:59pm",124,Spaghetti,Italian,14.5
878,387,2023-01-07,13:03:14,"1pm - 1:59pm",113,Edamame,Asian,5
879,387,2023-01-07,13:03:14,"1pm - 1:59pm",122,"Chips & Salsa",Mexican,7
880,387,2023-01-07,13:03:14,"1pm - 1:59pm",131,"Chicken Parmesan",Italian,17.95
881,388,2023-01-07,13:04:56,"1pm - 1:59pm",101,Hamburger,American,12.95
882,388,2023-01-07,13:04:56,"1pm - 1:59pm",103,"Hot Dog",American,9
883,388,2023-01-07,13:04:56,"1pm - 1:59pm",128,"Cheese Lasagna",Italian,15.5
884,388,2023-01-07,13:04:56,"1pm - 1:59pm",132,"Eggplant Parmesan",Italian,16.95
885,389,2023-01-07,13:10:17,"1pm - 1:59pm",130,"Shrimp Scampi",Italian,19.95
886,390,2023-01-07,13:15:32,"1pm - 1:59pm",112,"Salmon Roll",Asian,14.95
887,391,2023-01-07,13:25:31,"1pm - 1:59pm",114,Potstickers,Asian,9
888,392,2023-01-07,13:36:47,"1pm - 1:59pm",107,"Orange Chicken",Asian,16.5
889,392,2023-01-07,13:36:47,"1pm - 1:59pm",116,"Steak Tacos",Mexican,13.95
890,392,2023-01-07,13:36:47,"1pm - 1:59pm",102,Cheeseburger,American,13.95
891,392,2023-01-07,13:36:47,"1pm - 1:59pm",113,Edamame,Asian,5
892,392,2023-01-07,13:36:47,"1pm - 1:59pm",119,"Chicken Torta",Mexican,11.95
893,392,2023-01-07,13:36:47,"1pm - 1:59pm",120,"Steak Torta",Mexican,13.95
894,392,2023-01-07,13:36:47,"1pm - 1:59pm",121,"Cheese Quesadillas",Mexican,10.5
895,392,2023-01-07,13:36:47,"1pm - 1:59pm",122,"Chips & Salsa",Mexican,7
896,393,2023-01-07,13:48:31,"1pm - 1:59pm",126,"Fettuccine Alfredo",Italian,14.5
897,393,2023-01-07,13:48:31,"1pm - 1:59pm",109,"Korean Beef Bowl",Asian,17.95
898,394,2023-01-07,14:02:18,"2pm - 2:59pm",107,"Orange Chicken",Asian,16.5
899,394,2023-01-07,14:02:18,"2pm - 2:59pm",104,"Veggie Burger",American,10.5
900,394,2023-01-07,14:02:18,"2pm - 2:59pm",109,"Korean Beef Bowl",Asian,17.95
901,394,2023-01-07,14:02:18,"2pm - 2:59pm",109,"Korean Beef Bowl",Asian,17.95
902,394,2023-01-07,14:02:18,"2pm - 2:59pm",112,"Salmon Roll",Asian,14.95
903,394,2023-01-07,14:02:18,"2pm - 2:59pm",113,Edamame,Asian,5
904,394,2023-01-07,14:02:18,"2pm - 2:59pm",113,Edamame,Asian,5
905,394,2023-01-07,14:02:18,"2pm - 2:59pm",120,"Steak Torta",Mexican,13.95
906,394,2023-01-07,14:02:18,"2pm - 2:59pm",122,"Chips & Salsa",Mexican,7
907,394,2023-01-07,14:02:18,"2pm - 2:59pm",130,"Shrimp Scampi",Italian,19.95
908,394,2023-01-07,14:02:18,"2pm - 2:59pm",106,"French Fries",American,7
909,394,2023-01-07,14:02:18,"2pm - 2:59pm",132,"Eggplant Parmesan",Italian,16.95
910,395,2023-01-07,14:11:08,"2pm - 2:59pm",111,"California Roll",Asian,11.95
911,396,2023-01-07,14:12:21,"2pm - 2:59pm",131,"Chicken Parmesan",Italian,17.95
912,397,2023-01-07,14:31:10,"2pm - 2:59pm",124,Spaghetti,Italian,14.5
913,397,2023-01-07,14:31:10,"2pm - 2:59pm",109,"Korean Beef Bowl",Asian,17.95
914,397,2023-01-07,14:31:10,"2pm - 2:59pm",113,Edamame,Asian,5
915,398,2023-01-07,14:56:26,"2pm - 2:59pm",113,Edamame,Asian,5
916,399,2023-01-07,15:47:49,"3pm - 3:59pm",101,Hamburger,American,12.95
917,399,2023-01-07,15:47:49,"3pm - 3:59pm",102,Cheeseburger,American,13.95
918,399,2023-01-07,15:47:49,"3pm - 3:59pm",125,"Spaghetti & Meatballs",Italian,17.95
919,399,2023-01-07,15:47:49,"3pm - 3:59pm",114,Potstickers,Asian,9
920,400,2023-01-07,16:03:07,"4pm - 4:59pm",113,Edamame,Asian,5
921,400,2023-01-07,16:03:07,"4pm - 4:59pm",106,"French Fries",American,7
922,401,2023-01-07,16:08:35,"4pm - 4:59pm",132,"Eggplant Parmesan",Italian,16.95
923,402,2023-01-07,16:24:46,"4pm - 4:59pm",125,"Spaghetti & Meatballs",Italian,17.95
924,402,2023-01-07,16:24:46,"4pm - 4:59pm",117,"Chicken Burrito",Mexican,12.95
925,403,2023-01-07,16:26:10,"4pm - 4:59pm",101,Hamburger,American,12.95
926,403,2023-01-07,16:26:10,"4pm - 4:59pm",108,"Tofu Pad Thai",Asian,14.5
927,403,2023-01-07,16:26:10,"4pm - 4:59pm",119,"Chicken Torta",Mexican,11.95
928,404,2023-01-07,16:39:27,"4pm - 4:59pm",104,"Veggie Burger",American,10.5
929,405,2023-01-07,16:44:16,"4pm - 4:59pm",120,"Steak Torta",Mexican,13.95
930,406,2023-01-07,16:50:49,"4pm - 4:59pm",103,"Hot Dog",American,9
931,406,2023-01-07,16:50:49,"4pm - 4:59pm",108,"Tofu Pad Thai",Asian,14.5
932,406,2023-01-07,16:50:49,"4pm - 4:59pm",127,"Meat Lasagna",Italian,17.95
933,407,2023-01-07,16:56:42,"4pm - 4:59pm",102,Cheeseburger,American,13.95
934,407,2023-01-07,16:56:42,"4pm - 4:59pm",108,"Tofu Pad Thai",Asian,14.5
935,407,2023-01-07,16:56:42,"4pm - 4:59pm",113,Edamame,Asian,5
936,408,2023-01-07,17:09:09,"5pm - 5:59pm",115,"Chicken Tacos",Mexican,11.95
937,408,2023-01-07,17:09:09,"5pm - 5:59pm",118,"Steak Burrito",Mexican,14.95
938,409,2023-01-07,17:15:04,"5pm - 5:59pm",113,Edamame,Asian,5
939,410,2023-01-07,17:33:49,"5pm - 5:59pm",107,"Orange Chicken",Asian,16.5
940,410,2023-01-07,17:33:49,"5pm - 5:59pm",128,"Cheese Lasagna",Italian,15.5
942,411,2023-01-07,17:58:09,"5pm - 5:59pm",117,"Chicken Burrito",Mexican,12.95
943,411,2023-01-07,17:58:09,"5pm - 5:59pm",105,"Mac & Cheese",American,7
944,412,2023-01-07,18:07:46,"6pm - 6:59pm",115,"Chicken Tacos",Mexican,11.95
945,412,2023-01-07,18:07:46,"6pm - 6:59pm",123,"Chips & Guacamole",Mexican,9
946,413,2023-01-07,18:11:32,"6pm - 6:59pm",114,Potstickers,Asian,9
947,414,2023-01-07,18:13:22,"6pm - 6:59pm",108,"Tofu Pad Thai",Asian,14.5
948,414,2023-01-07,18:13:22,"6pm - 6:59pm",124,Spaghetti,Italian,14.5
949,414,2023-01-07,18:13:22,"6pm - 6:59pm",117,"Chicken Burrito",Mexican,12.95
950,415,2023-01-07,18:16:23,"6pm - 6:59pm",102,Cheeseburger,American,13.95
951,416,2023-01-07,18:17:42,"6pm - 6:59pm",131,"Chicken Parmesan",Italian,17.95
952,417,2023-01-07,18:24:40,"6pm - 6:59pm",113,Edamame,Asian,5
953,418,2023-01-07,18:40:11,"6pm - 6:59pm",104,"Veggie Burger",American,10.5
954,418,2023-01-07,18:40:11,"6pm - 6:59pm",120,"Steak Torta",Mexican,13.95
955,419,2023-01-07,19:02:31,"7pm - 7:59pm",101,Hamburger,American,12.95
956,419,2023-01-07,19:02:31,"7pm - 7:59pm",109,"Korean Beef Bowl",Asian,17.95
957,419,2023-01-07,19:02:31,"7pm - 7:59pm",127,"Meat Lasagna",Italian,17.95
958,419,2023-01-07,19:02:31,"7pm - 7:59pm",132,"Eggplant Parmesan",Italian,16.95
959,420,2023-01-07,19:04:40,"7pm - 7:59pm",124,Spaghetti,Italian,14.5
960,420,2023-01-07,19:04:40,"7pm - 7:59pm",112,"Salmon Roll",Asian,14.95
961,421,2023-01-07,19:21:58,"7pm - 7:59pm",101,Hamburger,American,12.95
962,421,2023-01-07,19:21:58,"7pm - 7:59pm",116,"Steak Tacos",Mexican,13.95
963,421,2023-01-07,19:21:58,"7pm - 7:59pm",104,"Veggie Burger",American,10.5
964,422,2023-01-07,19:30:25,"7pm - 7:59pm",125,"Spaghetti & Meatballs",Italian,17.95
965,422,2023-01-07,19:30:25,"7pm - 7:59pm",117,"Chicken Burrito",Mexican,12.95
966,422,2023-01-07,19:30:25,"7pm - 7:59pm",131,"Chicken Parmesan",Italian,17.95
967,423,2023-01-07,19:45:07,"7pm - 7:59pm",117,"Chicken Burrito",Mexican,12.95
968,423,2023-01-07,19:45:07,"7pm - 7:59pm",120,"Steak Torta",Mexican,13.95
969,424,2023-01-07,20:01:28,"8pm - 8:59pm",113,Edamame,Asian,5
970,425,2023-01-07,20:21:19,"8pm - 8:59pm",121,"Cheese Quesadillas",Mexican,10.5
971,426,2023-01-07,20:25:45,"8pm - 8:59pm",108,"Tofu Pad Thai",Asian,14.5
972,426,2023-01-07,20:25:45,"8pm - 8:59pm",120,"Steak Torta",Mexican,13.95
973,426,2023-01-07,20:25:45,"8pm - 8:59pm",121,"Cheese Quesadillas",Mexican,10.5
974,427,2023-01-07,21:49:00,"9pm - 9:59pm",131,"Chicken Parmesan",Italian,17.95
975,428,2023-01-07,22:05:00,"10pm - 10:59pm",116,"Steak Tacos",Mexican,13.95
976,428,2023-01-07,22:05:00,"10pm - 10:59pm",110,"Pork Ramen",Asian,17.95
977,429,2023-01-07,22:16:53,"10pm - 10:59pm",122,"Chips & Salsa",Mexican,7
978,430,2023-01-07,22:46:13,"10pm - 10:59pm",126,"Fettuccine Alfredo",Italian,14.5
979,430,2023-01-07,22:46:13,"10pm - 10:59pm",120,"Steak Torta",Mexican,13.95
980,431,2023-01-08,11:17:13,"11am - 11:59am",107,"Orange Chicken",Asian,16.5
981,431,2023-01-08,11:17:13,"11am - 11:59am",103,"Hot Dog",American,9
982,431,2023-01-08,11:17:13,"11am - 11:59am",125,"Spaghetti & Meatballs",Italian,17.95
983,431,2023-01-08,11:17:13,"11am - 11:59am",109,"Korean Beef Bowl",Asian,17.95
984,432,2023-01-08,11:39:07,"11am - 11:59am",110,"Pork Ramen",Asian,17.95
985,432,2023-01-08,11:39:07,"11am - 11:59am",106,"French Fries",American,7
986,432,2023-01-08,11:39:07,"11am - 11:59am",132,"Eggplant Parmesan",Italian,16.95
987,433,2023-01-08,11:49:50,"11am - 11:59am",122,"Chips & Salsa",Mexican,7
988,434,2023-01-08,11:54:14,"11am - 11:59am",111,"California Roll",Asian,11.95
989,434,2023-01-08,11:54:14,"11am - 11:59am",122,"Chips & Salsa",Mexican,7
990,434,2023-01-08,11:54:14,"11am - 11:59am",132,"Eggplant Parmesan",Italian,16.95
991,435,2023-01-08,12:06:09,"12pm - 12:59pm",108,"Tofu Pad Thai",Asian,14.5
992,435,2023-01-08,12:06:09,"12pm - 12:59pm",112,"Salmon Roll",Asian,14.95
993,435,2023-01-08,12:06:09,"12pm - 12:59pm",123,"Chips & Guacamole",Mexican,9
994,436,2023-01-08,12:07:21,"12pm - 12:59pm",108,"Tofu Pad Thai",Asian,14.5
995,436,2023-01-08,12:07:21,"12pm - 12:59pm",117,"Chicken Burrito",Mexican,12.95
996,436,2023-01-08,12:07:21,"12pm - 12:59pm",112,"Salmon Roll",Asian,14.95
997,436,2023-01-08,12:07:21,"12pm - 12:59pm",118,"Steak Burrito",Mexican,14.95
998,437,2023-01-08,12:07:54,"12pm - 12:59pm",101,Hamburger,American,12.95
999,438,2023-01-08,12:08:38,"12pm - 12:59pm",132,"Eggplant Parmesan",Italian,16.95
1000,439,2023-01-08,12:13:08,"12pm - 12:59pm",103,"Hot Dog",American,9
1001,439,2023-01-08,12:13:08,"12pm - 12:59pm",113,Edamame,Asian,5
1002,439,2023-01-08,12:13:08,"12pm - 12:59pm",114,Potstickers,Asian,9
1003,440,2023-01-08,12:16:34,"12pm - 12:59pm",116,"Steak Tacos",Mexican,13.95
1004,440,2023-01-08,12:16:34,"12pm - 12:59pm",103,"Hot Dog",American,9
1005,440,2023-01-08,12:16:34,"12pm - 12:59pm",124,Spaghetti,Italian,14.5
1006,440,2023-01-08,12:16:34,"12pm - 12:59pm",125,"Spaghetti & Meatballs",Italian,17.95
1007,440,2023-01-08,12:16:34,"12pm - 12:59pm",125,"Spaghetti & Meatballs",Italian,17.95
1008,440,2023-01-08,12:16:34,"12pm - 12:59pm",126,"Fettuccine Alfredo",Italian,14.5
1009,440,2023-01-08,12:16:34,"12pm - 12:59pm",126,"Fettuccine Alfredo",Italian,14.5
1010,440,2023-01-08,12:16:34,"12pm - 12:59pm",109,"Korean Beef Bowl",Asian,17.95
